ticker,name,sector,mktcap,rank,as_of
NVDA,NVIDIA Corporation,NASDAQ,5299558000000,1,2026-08-07
AAPL,Apple Inc.,NASDAQ,4559367773800,2,2026-08-07
GOOGL,Alphabet Inc.,NASDAQ,4375282500000,3,2026-08-07
MSFT,Microsoft Corporation,NASDAQ,3711733169131,4,2026-08-07
AMZN,"Amazon.com, Inc.",NASDAQ,2936681733113,5,2026-08-07
AVGO,Broadcom Inc.,NASDAQ,2000871715972,6,2026-08-07
SPCX,Space Exploration Technologies Corp.,NASDAQ,1514850151279,7,2026-08-07
META,"Meta Platforms, Inc.",NASDAQ,1502773922128,8,2026-08-07
TSLA,"Tesla, Inc.",NASDAQ,1261998878805,9,2026-08-07
BRK-B,Berkshire Hathaway Inc. New,N,1157453008340,10,2026-08-07
BRK-A,Berkshire Hathaway Inc.,N,1156106964000,11,2026-08-07
LLY,Eli Lilly and Company,N,1122499251468,12,2026-08-07
MU,"Micron Technology, Inc.",NASDAQ,995526180812,13,2026-08-07
JPM,JP Morgan Chase & Co.,N,954709918233,14,2026-08-07
WMT,Walmart Inc.,NASDAQ,891861930901,15,2026-08-07
AMD,"Advanced Micro Devices, Inc.",NASDAQ,797820280650,16,2026-08-07
XOM,ExxonMobil Holdings Corporation,N,636688447886,17,2026-08-07
JNJ,Johnson & Johnson,N,619295741457,18,2026-08-07
MA,Mastercard Incorporated,N,504537924943,19,2026-08-07
INTC,Intel Corporation,NASDAQ,503441640000,20,2026-08-07
CSCO,"Cisco Systems, Inc.",NASDAQ,476440622305,21,2026-08-07
BAC,Bank of America Corporation,N,440543146995,22,2026-08-07
ABBV,AbbVie Inc.,N,430946892293,23,2026-08-07
COST,Costco Wholesale Corporation,NASDAQ,420927906817,24,2026-08-07
AMAT,"Applied Materials, Inc.",NASDAQ,418797720136,25,2026-08-07
ORCL,Oracle Corporation,N,413261174370,26,2026-08-07
CAT,"Caterpillar, Inc.",N,394747505801,27,2026-08-07
GE,GE Aerospace,N,388619039244,28,2026-08-07
LRCX,Lam Research Corporation,NASDAQ,382387094670,29,2026-08-07
CVX,Chevron Corporation,N,376870038826,30,2026-08-07
PLTR,Palantir Technologies Inc.,NASDAQ,374528178602,31,2026-08-07
KO,Coca-Cola Company (The),N,373676401755,32,2026-08-07
HSBC,"HSBC Holdings, plc.",N,352469261486,33,2026-08-07
HD,"Home Depot, Inc. (The)",N,348512222693,34,2026-08-07
PG,Procter & Gamble Company (The),N,341621926828,35,2026-08-07
MS,Morgan Stanley,N,335708544915,36,2026-08-07
MRK,"Merck & Company, Inc.",N,317051360154,37,2026-08-07
NFLX,"Netflix, Inc.",NASDAQ,306840714724,38,2026-08-07
RTX,RTX Corporation,N,300887005648,39,2026-08-07
GS,"Goldman Sachs Group, Inc. (The)",N,300657772473,40,2026-08-07
TM,Toyota Motor Corporation,N,296140219888,41,2026-08-07
NVS,Novartis AG,N,294256070419,42,2026-08-07
RY,Royal Bank Of Canada,N,293868407336,43,2026-08-07
PM,Philip Morris International Inc,N,293097257204,44,2026-08-07
PANW,"Palo Alto Networks, Inc.",NASDAQ,292984350000,45,2026-08-07
DELL,Dell Technologies Inc.,N,283644462261,46,2026-08-07
MUFG,"Mitsubishi UFJ Financial Group, Inc.",N,267260849918,47,2026-08-07
GEV,GE Vernova Inc.,N,266413481074,48,2026-08-07
WFC,Wells Fargo & Company,N,264872101840,49,2026-08-07
TXN,Texas Instruments Incorporated,NASDAQ,254248155782,50,2026-08-07
KLAC,KLA Corporation,NASDAQ,252398496076,51,2026-08-07
AZN,AstraZeneca PLC,N,249775415720,52,2026-08-07
ANET,"Arista Networks, Inc.",N,242169842686,53,2026-08-07
AXP,American Express Company,N,231361148786,54,2026-08-07
C,"Citigroup, Inc.",N,228240308118,55,2026-08-07
LIN,Linde plc,NASDAQ,225930987688,56,2026-08-07
IBM,International Business Machines Corporation,N,219922430658,57,2026-08-07
AMGN,Amgen Inc.,NASDAQ,218500894729,58,2026-08-07
TMO,Thermo Fisher Scientific Inc,N,214460820826,59,2026-08-07
CRWD,"CrowdStrike Holdings, Inc.",NASDAQ,211176792079,60,2026-08-07
APH,Amphenol Corporation,N,210359307599,61,2026-08-07
NVO,Novo Nordisk A/S,N,203551966004,62,2026-08-07
TD,Toronto Dominion Bank (The),N,200240255600,63,2026-08-07
MCD,McDonald's Corporation,N,196284348607,64,2026-08-07
VZ,Verizon Communications Inc.,N,195232886742,65,2026-08-07
STX,Seagate Technology Holdings PLC,NASDAQ,193316441628,66,2026-08-07
TMUS,"T-Mobile US, Inc.",NASDAQ,193048710192,67,2026-08-07
PEP,"PepsiCo, Inc.",NASDAQ,188955587290,68,2026-08-07
TTE,TotalEnergies SE,N,188229217831,69,2026-08-07
SCHW,Charles Schwab Corporation (The),N,187235328684,70,2026-08-07
ABT,Abbott Laboratories,N,186812180636,71,2026-08-07
MRVL,"Marvell Technology, Inc.",NASDAQ,184383862698,72,2026-08-07
ADI,"Analog Devices, Inc.",NASDAQ,183782811062,73,2026-08-07
BA,Boeing Company (The),N,183516014944,74,2026-08-07
DIS,Walt Disney Company (The),N,181778015864,75,2026-08-07
TJX,"TJX Companies, Inc. (The)",N,179028402519,76,2026-08-07
NEE,"NextEra Energy, Inc.",N,176473756481,77,2026-08-07
UNP,Union Pacific Corporation,N,175478020599,78,2026-08-07
BLK,"BlackRock, Inc.",N,175305743778,79,2026-08-07
ETN,"Eaton Corporation, PLC",N,174076996000,80,2026-08-07
WELL,Welltower Inc.,N,170095808436,81,2026-08-07
QCOM,QUALCOMM Incorporated,NASDAQ,168447018589,82,2026-08-07
DE,Deere & Company,N,165968326387,83,2026-08-07
UBS,UBS Group AG Registered,N,163985519086,84,2026-08-07
GILD,"Gilead Sciences, Inc.",NASDAQ,162471833712,85,2026-08-07
SCCO,Southern Copper Corporation,N,161051049209,86,2026-08-07
BBVA,Banco Bilbao Vizcaya Argentaria S.A.,N,160650379218,87,2026-08-07
BKNG,Booking Holdings Inc.,NASDAQ,155828801895,88,2026-08-07
WDC,Western Digital Corporation,NASDAQ,155630875789,89,2026-08-07
CRM,"Salesforce, Inc.",N,152964630000,90,2026-08-07
PFE,"Pfizer, Inc.",N,149331448032,91,2026-08-07
IBKR,"Interactive Brokers Group, Inc.",NASDAQ,146346617298,92,2026-08-07
UBER,"Uber Technologies, Inc.",N,143448662446,93,2026-08-07
COP,ConocoPhillips,N,142248008257,94,2026-08-07
DHR,Danaher Corporation,N,140583151079,95,2026-08-07
CB,Chubb Limited,N,136584724082,96,2026-08-07
GLW,Corning Incorporated,N,135393017867,97,2026-08-07
COF,Capital One Financial Corporation,N,134966663920,98,2026-08-07
PH,Parker-Hannifin Corporation,N,134887218952,99,2026-08-07
LMT,Lockheed Martin Corporation,N,134516390386,100,2026-08-07
ISRG,"Intuitive Surgical, Inc.",NASDAQ,132023535581,101,2026-08-07
BMY,Bristol-Myers Squibb Company,N,131040145182,102,2026-08-07
PLD,"Prologis, Inc.",N,129828194640,103,2026-08-07
SYK,Stryker Corporation,N,129429052912,104,2026-08-07
BMO,Bank Of Montreal,N,127463618669,105,2026-08-07
BTI,"British American Tobacco Industries, p.l.c.",N,127319025714,106,2026-08-07
PGR,Progressive Corporation (The),N,125192596952,107,2026-08-07
RIO,Rio Tinto Plc,N,125164244896,108,2026-08-07
CVS,CVS Health Corporation,N,122769725480,109,2026-08-07
VRTX,Vertex Pharmaceuticals Incorporated,NASDAQ,122682691044,110,2026-08-07
LOW,"Lowe's Companies, Inc.",N,122458417754,111,2026-08-07
HDB,HDFC Bank Limited,N,121966788386,112,2026-08-07
NOW,"ServiceNow, Inc.",N,121339900000,113,2026-08-07
SBUX,Starbucks Corporation,NASDAQ,119882400000,114,2026-08-07
SPGI,S&P Global Inc.,N,119464752000,115,2026-08-07
FTNT,"Fortinet, Inc.",NASDAQ,117474892982,116,2026-08-07
HWM,Howmet Aerospace Inc.,N,115919139975,117,2026-08-07
ACN,Accenture plc,N,114217672033,118,2026-08-07
ENB,Enbridge Inc,N,112892011378,119,2026-08-07
APP,Applovin Corporation,NASDAQ,112764979800,120,2026-08-07
BP,BP p.l.c.,N,110555200834,121,2026-08-07
SNOW,Snowflake Inc.,N,110218800000,122,2026-08-07
ADP,"Automatic Data Processing, Inc.",NASDAQ,110127259998,123,2026-08-07
MDT,Medtronic plc.,N,109981482725,124,2026-08-07
IBN,ICICI Bank Limited,N,109120115567,125,2026-08-07
BNS,Bank Nova Scotia Halifax Pfd 3,N,108349859635,126,2026-08-07
CM,Canadian Imperial Bank of Commerce,N,108349798050,127,2026-08-07
BNY,The Bank of New York Mellon Corporation,N,107760027832,128,2026-08-07
SO,Southern Company (The),N,106868719541,129,2026-08-07
VRT,"Vertiv Holdings, LLC",N,105937195564,130,2026-08-07
MCK,McKesson Corporation,N,104743405960,131,2026-08-07
GD,General Dynamics Corporation,N,104683989889,132,2026-08-07
EQIX,"Equinix, Inc.",NASDAQ,103887471322,133,2026-08-07
ING,"ING Group, N.V.",N,103646049838,134,2026-08-07
ADBE,Adobe Inc.,NASDAQ,103445400000,135,2026-08-07
PNC,"PNC Financial Services Group, Inc. (The)",N,101499476384,136,2026-08-07
NET,"Cloudflare, Inc.",N,100536412883,137,2026-08-07
PWR,"Quanta Services, Inc.",N,100405331581,138,2026-08-07
BX,Blackstone Inc.,N,99137310244,139,2026-08-07
USB,U.S. Bancorp,N,98977681425,140,2026-08-07
FCX,"Freeport-McMoRan, Inc.",N,98012831596,141,2026-08-07
BCS,Barclays PLC,N,97968419154,142,2026-08-07
SPOT,Spotify Technology S.A.,N,97784858602,143,2026-08-07
DUK,Duke Energy Corporation (Holding Company),N,96605101713,144,2026-08-07
CME,CME Group Inc.,NASDAQ,95043990796,145,2026-08-07
CNQ,Canadian Natural Resources Limited,N,94807427400,146,2026-08-07
CSX,CSX Corporation,NASDAQ,93920478292,147,2026-08-07
MAR,Marriott International,NASDAQ,93789810805,148,2026-08-07
JCI,Johnson Controls International plc,N,93617344189,149,2026-08-07
CDNS,"Cadence Design Systems, Inc.",NASDAQ,93198499060,150,2026-08-07
MMM,3M Company,N,93196197976,151,2026-08-07
DASH,"DoorDash, Inc.",NASDAQ,92921374654,152,2026-08-07
KKR,KKR & Co. Inc.,N,92795168452,153,2026-08-07
MELI,"MercadoLibre, Inc.",NASDAQ,92775843060,154,2026-08-07
MRSH,Marsh,N,92240165992,155,2026-08-07
MNST,Monster Beverage Corporation,NASDAQ,92089243638,156,2026-08-07
WM,"Waste Management, Inc.",N,91538774288,157,2026-08-07
ABNB,"Airbnb, Inc.",NASDAQ,91394174524,158,2026-08-07
CMCSA,Comcast Corporation,NASDAQ,89319182542,159,2026-08-07
CMI,Cummins Inc.,N,88653176338,160,2026-08-07
HCA,"HCA Healthcare, Inc.",N,88525298335,161,2026-08-07
SHW,Sherwin-Williams Company (The),N,88223167236,162,2026-08-07
INTU,Intuit Inc.,NASDAQ,88054295670,163,2026-08-07
WMB,"Williams Companies, Inc. (The)",N,87774497791,164,2026-08-07
EMR,Emerson Electric Company,N,87524398000,165,2026-08-07
VLO,Valero Energy Corporation,N,87239141408,166,2026-08-07
RCL,Royal Caribbean Cruises Ltd.,N,85731765526,167,2026-08-07
E,ENI S.p.A.,N,85387471368,168,2026-08-07
AEM,Agnico Eagle Mines Limited,N,85229642784,169,2026-08-07
ELV,"Elevance Health, Inc.",N,84882640106,170,2026-08-07
ITW,Illinois Tool Works Inc.,N,84785190000,171,2026-08-07
ICE,Intercontinental Exchange Inc.,N,84068824428,172,2026-08-07
MPC,Marathon Petroleum Corporation,N,84036810328,173,2026-08-07
PSX,Phillips 66,N,82400165310,174,2026-08-07
EPD,Enterprise Products Partners L.P.,N,82321870212,175,2026-08-07
MCO,Moody's Corporation,N,81946116000,176,2026-08-07
DDOG,"Datadog, Inc.",NASDAQ,81618111736,177,2026-08-07
ROST,"Ross Stores, Inc.",NASDAQ,81577835438,178,2026-08-07
HOOD,"Robinhood Markets, Inc.",NASDAQ,81555752984,179,2026-08-07
CTAS,Cintas Corporation,NASDAQ,80894276756,180,2026-08-07
NOC,Northrop Grumman Corporation,N,80654862381,181,2026-08-07
TRV,"The Travelers Companies, Inc.",N,80509958492,182,2026-08-07
MDLZ,"Mondelez International, Inc.",NASDAQ,80088330577,183,2026-08-07
ECL,Ecolab Inc.,N,79776274317,184,2026-08-07
AMT,American Tower Corporation (REIT),N,79772360218,185,2026-08-07
REGN,"Regeneron Pharmaceuticals, Inc.",NASDAQ,79492575785,186,2026-08-07
MSI,"Motorola Solutions, Inc.",N,78693525559,187,2026-08-07
SNPS,"Synopsys, Inc.",NASDAQ,77736776364,188,2026-08-07
ORLY,"O'Reilly Automotive, Inc.",NASDAQ,77377126926,189,2026-08-07
NSC,Norfolk Southern Corporation,N,76919383418,190,2026-08-07
AON,Aon plc,N,76524250316,191,2026-08-07
CNI,Canadian National Railway Company,N,76358240000,192,2026-08-07
HON,Honeywell International Inc.,NASDAQ,76300138007,193,2026-08-07
GM,General Motors Company,N,76285636975,194,2026-08-07
CVNA,Carvana Co.,N,75205694042,195,2026-08-07
FDX,FedEx Corporation,N,74731847552,196,2026-08-07
MFC,Manulife Financial Corporation,N,74399139114,197,2026-08-07
CL,Colgate-Palmolive Company,N,74137073097,198,2026-08-07
APO,"Apollo Global Management, Inc. (New)",N,73788476489,199,2026-08-07
CI,The Cigna Group,N,72732193772,200,2026-08-07
HLT,Hilton Worldwide Holdings Inc.,N,72466399722,201,2026-08-07
SPG,"Simon Property Group, Inc.",N,71937231179,202,2026-08-07
SU,Suncor Energy Inc.,N,71756776696,203,2026-08-07
BSX,Boston Scientific Corporation,N,71447015632,204,2026-08-07
EOG,"EOG Resources, Inc.",N,71440873771,205,2026-08-07
DLR,"Digital Realty Trust, Inc.",N,71254166051,206,2026-08-07
ALL,Allstate Corporation (The),N,70819072052,207,2026-08-07
DB,Deutsche Bank AG,N,70797082000,208,2026-08-07
TDG,Transdigm Group Incorporated,N,69762843907,209,2026-08-07
KMI,"Kinder Morgan, Inc.",N,69654369344,210,2026-08-07
PCAR,PACCAR Inc.,NASDAQ,69511755693,211,2026-08-07
HPE,Hewlett Packard Enterprise Company,N,69427990606,212,2026-08-07
NU,Nu Holdings Ltd.,N,68562111684,213,2026-08-07
AEP,"American Electric Power Company, Inc.",NASDAQ,68191212312,214,2026-08-07
BE,Bloom Energy Corporation,N,67434981140,215,2026-08-07
TGT,Target Corporation,N,66802428753,216,2026-08-07
APD,"Air Products and Chemicals, Inc.",N,66787844158,217,2026-08-07
MPWR,"Monolithic Power Systems, Inc.",NASDAQ,66771600400,218,2026-08-07
WBD,"Warner Bros. Discovery, Inc. - Series A",NASDAQ,66188408933,219,2026-08-07
COHR,Coherent Corp.,N,65386573865,220,2026-08-07
CRH,CRH PLC,N,65367688929,221,2026-08-07
LITE,Lumentum Holdings Inc.,NASDAQ,65201068000,222,2026-08-07
AJG,Arthur J. Gallagher & Co.,N,64672006000,223,2026-08-07
RSG,"Republic Services, Inc.",N,64483315994,224,2026-08-07
AFL,AFLAC Incorporated,N,64468027941,225,2026-08-07
MET,"MetLife, Inc.",N,64311506061,226,2026-08-07
TFC,Truist Financial Corporation,N,64245321227,227,2026-08-07
TRP,TC Energy Corporation,N,63900000000,228,2026-08-07
COR,"Cencora, Inc.",N,63234290111,229,2026-08-07
NKE,"Nike, Inc.",N,62306945526,230,2026-08-07
BKR,Baker Hughes Company,NASDAQ,62290297955,231,2026-08-07
TEL,TE Connectivity plc,N,62268505078,232,2026-08-07
NUE,Nucor Corporation,N,61945538400,233,2026-08-07
IMO,Imperial Oil Limited,A,61072959970,234,2026-08-07
DAL,"Delta Air Lines, Inc.",N,60488166299,235,2026-08-07
GWW,"W.W. Grainger, Inc.",N,60410726190,236,2026-08-07
FIX,"Comfort Systems USA, Inc.",N,60309002174,237,2026-08-07
TER,"Teradyne, Inc.",NASDAQ,60173991268,238,2026-08-07
D,"Dominion Energy, Inc.",N,58752333393,239,2026-08-07
NXPI,NXP Semiconductors N.V.,NASDAQ,58446612250,240,2026-08-07
FAST,Fastenal Company,NASDAQ,58292876708,241,2026-08-07
GRMN,Garmin Ltd.,N,58216395042,242,2026-08-07
O,Realty Income Corporation,N,58150234171,243,2026-08-07
KEYS,Keysight Technologies Inc.,N,57584903201,244,2026-08-07
TRGP,"Targa Resources, Inc.",N,57573934102,245,2026-08-07
PSA,Public Storage,N,57428110818,246,2026-08-07
CIEN,Ciena Corporation,N,57153407787,247,2026-08-07
ALAB,"Astera Labs, Inc.",NASDAQ,56821731779,248,2026-08-07
OXY,Occidental Petroleum Corporation,N,55739328644,249,2026-08-07
LNG,"Cheniere Energy, Inc.",N,55692599958,250,2026-08-07
CAH,"Cardinal Health, Inc.",N,55661363499,251,2026-08-07
OKE,"ONEOK, Inc.",N,55428404819,252,2026-08-07
SRE,DBA Sempra,N,55140219274,253,2026-08-07
F,Ford Motor Company,N,54011894120,254,2026-08-07
LHX,"L3Harris Technologies, Inc.",N,53914717770,255,2026-08-07
FANG,"Diamondback Energy, Inc.",NASDAQ,53345440510,256,2026-08-07
CVE,Cenovus Energy Inc,N,52968750000,257,2026-08-07
NDAQ,"Nasdaq, Inc.",NASDAQ,52935157128,258,2026-08-07
CARR,Carrier Global Corporation,N,52723830646,259,2026-08-07
FITB,Fifth Third Bancorp,N,51656600445,260,2026-08-07
DEO,Diageo plc,N,51652771856,261,2026-08-07
EW,Edwards Lifesciences Corporation,N,51484048000,262,2026-08-07
CTVA,"Corteva, Inc.",N,51280684560,263,2026-08-07
ADSK,"Autodesk, Inc.",NASDAQ,51161170000,264,2026-08-07
PYPL,"PayPal Holdings, Inc.",NASDAQ,51139451048,265,2026-08-07
STT,State Street Corporation,N,50797850384,266,2026-08-07
HEI,Heico Corporation,N,50765311939,267,2026-08-07
AMP,"Ameriprise Financial, Inc.",N,50326185565,268,2026-08-07
AZO,"AutoZone, Inc.",N,50112636215,269,2026-08-07
WAB,Westinghouse Air Brake Technologies Corporation,N,49867550541,270,2026-08-07
DVN,Devon Energy Corporation,N,49723207943,271,2026-08-07
ETR,Entergy Corporation,N,49691588222,272,2026-08-07
HONA,Honeywell Aerospace Inc.,NASDAQ,49591562683,273,2026-08-07
FERG,Ferguson Enterprises Inc.,N,49545479125,274,2026-08-07
ROK,"Rockwell Automation, Inc.",N,49160832435,275,2026-08-07
CCEP,Coca-Cola Europacific Partners plc,NASDAQ,49143598372,276,2026-08-07
EBAY,eBay Inc.,NASDAQ,49013531475,277,2026-08-07
BDX,"Becton, Dickinson and Company",N,48789943409,278,2026-08-07
NBIS,Nebius Group N.V.,NASDAQ,48210189077,279,2026-08-07
XEL,Xcel Energy Inc.,NASDAQ,48078102533,280,2026-08-07
VST,Vistra Corp.,N,47670857326,281,2026-08-07
STM,STMicroelectronics N.V.,N,47554808629,282,2026-08-07
VIK,Viking Holdings Ltd,N,47338019481,283,2026-08-07
VTR,"Ventas, Inc.",N,47324431081,284,2026-08-07
CBRS,Cerebras Systems Inc.,NASDAQ,47088324807,285,2026-08-07
XYZ,"Block, Inc.",N,47045482798,286,2026-08-07
FER,Ferrovial N.V.,NASDAQ,47045342403,287,2026-08-07
EXC,Exelon Corporation,NASDAQ,46781749784,288,2026-08-07
CRWV,"CoreWeave, Inc.",NASDAQ,46553517624,289,2026-08-07
IDXX,"IDEXX Laboratories, Inc.",NASDAQ,46480858440,290,2026-08-07
SLF,Sun Life Financial Inc.,N,45880562772,291,2026-08-07
ARES,Ares Management Corporation,N,45575046484,292,2026-08-07
PCG,Pacific Gas & Electric Co.,N,45561878432,293,2026-08-07
MDLN,Medline Inc.,NASDAQ,45335378540,294,2026-08-07
FLEX,Flex Ltd.,NASDAQ,45307275252,295,2026-08-07
AU,AngloGold Ashanti PLC,N,44300329133,296,2026-08-07
HUM,Humana Inc.,N,44098292310,297,2026-08-07
ODFL,"Old Dominion Freight Line, Inc.",NASDAQ,43966574709,298,2026-08-07
RKLB,Rocket Lab Corporation,NASDAQ,43802901833,299,2026-08-07
TTWO,"Take-Two Interactive Software, Inc.",NASDAQ,43161929148,300,2026-08-07
CRDO,Credo Technology Group Holding Ltd,NASDAQ,42970102036,301,2026-08-07
LYV,"Live Nation Entertainment, Inc.",N,42831166732,302,2026-08-07
PAYX,"Paychex, Inc.",NASDAQ,42728181972,303,2026-08-07
CBRE,CBRE Group Inc,N,42697877690,304,2026-08-07
CMG,"Chipotle Mexican Grill, Inc.",N,42657240780,305,2026-08-07
AIG,"American International Group, Inc. New",N,42400591493,306,2026-08-07
PRU,"Prudential Financial, Inc.",N,42160500000,307,2026-08-07
AXON,"Axon Enterprise, Inc.",NASDAQ,42111361149,308,2026-08-07
RVMD,"Revolution Medicines, Inc.",NASDAQ,42053706148,309,2026-08-07
WDAY,"Workday, Inc.",NASDAQ,42049280000,310,2026-08-07
FMX,Fomento Economico Mexicano S.A.B. de C.V.,N,41624461760,311,2026-08-07
KDP,Keurig Dr Pepper Inc.,NASDAQ,41320191134,312,2026-08-07
MSCI,MSCI Inc.,N,41237621000,313,2026-08-07
DHI,"D.R. Horton, Inc.",N,40839181995,314,2026-08-07
CCJ,Cameco Corporation,N,40774597400,315,2026-08-07
MCHP,Microchip Technology Incorporated,NASDAQ,40378102393,316,2026-08-07
SYY,Sysco Corporation,N,40334702985,317,2026-08-07
ED,"Consolidated Edison, Inc.",N,40151311360,318,2026-08-07
A,"Agilent Technologies, Inc.",N,39918930965,319,2026-08-07
HMC,"Honda Motor Company, Ltd.",N,39872998994,320,2026-08-07
ESLT,Elbit Systems Ltd.,NASDAQ,39858155581,321,2026-08-07
ROP,"Roper Technologies, Inc.",NASDAQ,39271559048,322,2026-08-07
WAT,Waters Corporation,N,39244886244,323,2026-08-07
HIG,"The Hartford Insurance Group, Inc.",N,39143713009,324,2026-08-07
COIN,"Coinbase Global, Inc.",NASDAQ,38364526973,325,2026-08-07
IQV,"IQVIA Holdings, Inc.",N,38257978000,326,2026-08-07
NTRA,"Natera, Inc.",NASDAQ,38006498075,327,2026-08-07
NTAP,"NetApp, Inc.",NASDAQ,37574937062,328,2026-08-07
STLD,"Steel Dynamics, Inc.",NASDAQ,37477428450,329,2026-08-07
RKT,"Rocket Companies, Inc.",N,37405060925,330,2026-08-07
PEG,Public Service Enterprise Group Incorporated,N,37401439051,331,2026-08-07
ADM,Archer-Daniels-Midland Company,N,37356687278,332,2026-08-07
MSTR,Strategy Inc,NASDAQ,37212263984,333,2026-08-07
BAP,Credicorp Ltd.,N,37051666185,334,2026-08-07
KVUE,Kenvue Inc.,N,36825766252,335,2026-08-07
EXPE,"Expedia Group, Inc.",NASDAQ,36795168146,336,2026-08-07
HSY,The Hershey Company,N,36773413744,337,2026-08-07
VMC,Vulcan Materials Company (Holding Company),N,36493260265,338,2026-08-07
IRM,Iron Mountain Incorporated (Delaware),N,36286110095,339,2026-08-07
CLS,"Celestica, Inc.",N,36162491345,340,2026-08-07
KMB,Kimberly-Clark Corporation,NASDAQ,36138038269,341,2026-08-07
MTB,M&T Bank Corporation,N,36124283777,342,2026-08-07
JBL,Jabil Inc.,N,36116965966,343,2026-08-07
EME,"EMCOR Group, Inc.",N,35659767265,344,2026-08-07
PUK,Prudential Public Limited Company,N,35620031130,345,2026-08-07
VEEV,Veeva Systems Inc.,N,35544676424,346,2026-08-07
TKO,"TKO Group Holdings, Inc.",N,35448324548,347,2026-08-07
WEC,"WEC Energy Group, Inc.",N,35181957883,348,2026-08-07
KR,Kroger Company (The),N,35116942204,349,2026-08-07
HBAN,Huntington Bancshares Incorporated,NASDAQ,35074401379,350,2026-08-07
RJF,"Raymond James Financial, Inc.",N,34948374487,351,2026-08-07
ALC,Alcon Inc.,N,34749138000,352,2026-08-07
UI,Ubiquiti Inc.,N,34329337054,353,2026-08-07
IR,Ingersoll Rand Inc.,N,34237069615,354,2026-08-07
ACGL,Arch Capital Group Ltd.,NASDAQ,33880639921,355,2026-08-07
VG,"Venture Global, Inc.",N,33737582047,356,2026-08-07
NTRS,Northern Trust Corporation,NASDAQ,33689453943,357,2026-08-07
SUNB,"Sunbelt Rentals Holdings, Inc.",N,33157826457,358,2026-08-07
RPRX,Royalty Pharma plc,NASDAQ,32972152001,359,2026-08-07
TPR,"Tapestry, Inc.",N,32731243668,360,2026-08-07
CCI,Crown Castle Inc.,N,32698982566,361,2026-08-07
ZTS,Zoetis Inc.,N,32393756678,362,2026-08-07
RMD,ResMed Inc.,N,32382387164,363,2026-08-07
TECK,Teck Resources Ltd,N,32368571920,364,2026-08-07
CBOE,"Cboe Global Markets, Inc.",Z,32334627938,365,2026-08-07
MLM,"Martin Marietta Materials, Inc.",N,32332239817,366,2026-08-07
EQT,EQT Corporation,N,32276625600,367,2026-08-07
TDY,Teledyne Technologies Incorporated,N,31870452301,368,2026-08-07
GEHC,GE HealthCare Technologies Inc.,NASDAQ,31758060378,369,2026-08-07
CNC,Centene Corporation,N,31714479000,370,2026-08-07
EXR,Extra Space Storage Inc,N,31593249703,371,2026-08-07
WTW,Willis Towers Watson Public Limited Company,NASDAQ,31577387299,372,2026-08-07
DXCM,"DexCom, Inc.",NASDAQ,31328490710,373,2026-08-07
EL,"Estee Lauder Companies, Inc. (The)",N,30929847283,374,2026-08-07
CASY,"Caseys General Stores, Inc.",NASDAQ,30803630512,375,2026-08-07
KGC,Kinross Gold Corporation,N,30592842000,376,2026-08-07
CFG,"Citizens Financial Group, Inc.",N,30505834755,377,2026-08-07
ON,ON Semiconductor Corporation,NASDAQ,30494787106,378,2026-08-07
ATI,ATI Inc.,N,30491587505,379,2026-08-07
BIIB,Biogen Inc.,NASDAQ,30478694707,380,2026-08-07
BSP,Bending Spoons S.p.A.,NASDAQ,30410392404,381,2026-08-07
AEE,Ameren Corporation,N,29973818786,382,2026-08-07
LVS,Las Vegas Sands Corp.,N,29865501594,383,2026-08-07
MDB,"MongoDB, Inc.",NASDAQ,29759812990,384,2026-08-07
ZM,"Zoom Communications, Inc.",NASDAQ,29704423683,385,2026-08-07
KHC,The Kraft Heinz Company,NASDAQ,29597009844,386,2026-08-07
CPNG,"Coupang, Inc.",N,29389316328,387,2026-08-07
TWLO,Twilio Inc.,N,29322709752,388,2026-08-07
SYF,Synchrony Financial,N,29269767301,389,2026-08-07
ILMN,"Illumina, Inc.",NASDAQ,29251720000,390,2026-08-07
VICI,VICI Properties Inc.,N,29222598495,391,2026-08-07
DTE,DTE Energy Company,N,29126087018,392,2026-08-07
WSM,"Williams-Sonoma, Inc.",N,29070460790,393,2026-08-07
RDDT,"Reddit, Inc.",N,29026861464,394,2026-08-07
P,"Everpure, Inc.",N,29005654366,395,2026-08-07
ALNY,"Alnylam Pharmaceuticals, Inc.",NASDAQ,28918826582,396,2026-08-07
FISV,"Fiserv, Inc.",NASDAQ,28854373182,397,2026-08-07
INSM,Insmed Incorporated,NASDAQ,28730537380,398,2026-08-07
ATO,Atmos Energy Corporation,N,28706870988,399,2026-08-07
MTD,"Mettler-Toledo International, Inc.",N,28476759113,400,2026-08-07
DOV,Dover Corporation,N,28395978639,401,2026-08-07
AMRZ,Amrize Ltd,N,28352145113,402,2026-08-07
LPLA,LPL Financial Holdings Inc.,NASDAQ,28272419225,403,2026-08-07
XYL,Xylem Inc.,N,28195867417,404,2026-08-07
DG,Dollar General Corporation,N,28113768160,405,2026-08-07
OTIS,Otis Worldwide Corporation,N,28104817298,406,2026-08-07
GFS,GlobalFoundries Inc.,NASDAQ,28021173012,407,2026-08-07
TEAM,Atlassian Corporation,NASDAQ,27957605357,408,2026-08-07
PBA,Pembina Pipeline Corp.,N,27914640000,409,2026-08-07
Q,"Qnity Electronics, Inc.",N,27902143380,410,2026-08-07
AER,AerCap Holdings N.V.,N,27794750042,411,2026-08-07
CRS,Carpenter Technology Corporation,N,27686810431,412,2026-08-07
CINF,Cincinnati Financial Corporation,NASDAQ,27478709177,413,2026-08-07
FE,FirstEnergy Corp.,N,27410173579,414,2026-08-07
FTI,TechnipFMC plc,N,27302484693,415,2026-08-07
ES,Eversource Energy (D/B/A),N,27143182773,416,2026-08-07
HAL,Halliburton Company,N,27085068231,417,2026-08-07
CPRT,"Copart, Inc.",NASDAQ,26857791093,418,2026-08-07
HUBB,Hubbell Inc,N,26824681274,419,2026-08-07
AWK,"American Water Works Company, Inc.",N,26792642297,420,2026-08-07
CNP,"CenterPoint Energy, Inc (Holding Co)",N,26790154113,421,2026-08-07
RF,Regions Financial Corporation,N,26787583698,422,2026-08-07
WRB,W.R. Berkley Corporation,N,26776641667,423,2026-08-07
NVT,nVent Electric plc,N,26431401439,424,2026-08-07
VRSN,"VeriSign, Inc.",NASDAQ,26415459000,425,2026-08-07
DGX,Quest Diagnostics Incorporated,N,26324046360,426,2026-08-07
ZS,"Zscaler, Inc.",NASDAQ,26293968765,427,2026-08-07
FSLR,"First Solar, Inc.",NASDAQ,26237674042,428,2026-08-07
ASTS,"AST SpaceMobile, Inc.",NASDAQ,26144071170,429,2026-08-07
PPL,PPL Corporation,N,26046369532,430,2026-08-07
PPG,"PPG Industries, Inc.",N,26044668000,431,2026-08-07
CPAY,"Corpay, Inc.",N,26032345099,432,2026-08-07
FOXA,Fox Corporation,NASDAQ,25963312404,433,2026-08-07
LH,Labcorp Holdings Inc.,N,25955460000,434,2026-08-07
FCNCA,"First Citizens BancShares, Inc.",NASDAQ,25925970195,435,2026-08-07
EIX,Edison International,N,25871043808,436,2026-08-07
HPQ,HP Inc.,N,25771249404,437,2026-08-07
RBLX,Roblox Corporation,N,25746108914,438,2026-08-07
AFRM,"Affirm Holdings, Inc.",NASDAQ,25646532108,439,2026-08-07
CTSH,Cognizant Technology Solutions Corporation,NASDAQ,25625771050,440,2026-08-07
SN,"SharkNinja, Inc.",N,25463761793,441,2026-08-07
TSEM,Tower Semiconductor Ltd.,NASDAQ,25351764917,442,2026-08-07
ECHO,EchoStar Corporation,NASDAQ,25281406317,443,2026-08-07
JBHT,"J.B. Hunt Transport Services, Inc.",NASDAQ,25098767448,444,2026-08-07
NRG,"NRG Energy, Inc.",N,25025558001,445,2026-08-07
FWONK,Liberty Media Corporation - Series C Liberty Formula One,NASDAQ,24982883031,446,2026-08-07
OKTA,"Okta, Inc.",NASDAQ,24943094951,447,2026-08-07
DLTR,"Dollar Tree, Inc.",NASDAQ,24921200572,448,2026-08-07
PFG,Principal Financial Group Inc,NASDAQ,24709816618,449,2026-08-07
VRSK,"Verisk Analytics, Inc.",NASDAQ,24697103277,450,2026-08-07
SW,Smurfit WestRock plc,N,24615860072,451,2026-08-07
WST,"West Pharmaceutical Services, Inc.",N,24532990633,452,2026-08-07
TPL,Texas Pacific Land Corporation,N,24530065930,453,2026-08-07
CHD,"Church & Dwight Company, Inc.",N,24517395828,454,2026-08-07
PHM,"PulteGroup, Inc.",N,24284476557,455,2026-08-07
TROW,"T. Rowe Price Group, Inc.",NASDAQ,24236946877,456,2026-08-07
KEY,KeyCorp,N,24181133034,457,2026-08-07
TW,Tradeweb Markets Inc.,NASDAQ,24179800030,458,2026-08-07
DRI,"Darden Restaurants, Inc.",N,24063606781,459,2026-08-07
ARXS,"Arxis, Inc.",NASDAQ,24042348968,460,2026-08-07
INCY,Incyte Corporation,NASDAQ,23995359171,461,2026-08-07
GPN,Global Payments Inc.,N,23987030129,462,2026-08-07
VLTO,Veralto Corp,N,23896623579,463,2026-08-07
SYM,Symbotic Inc.,NASDAQ,23867189874,464,2026-08-07
ONON,On Holding AG,N,23827215332,465,2026-08-07
BRO,"Brown & Brown, Inc.",N,23817565211,466,2026-08-07
L,Loews Corporation,N,23709526966,467,2026-08-07
RL,Ralph Lauren Corporation,N,23558355237,468,2026-08-07
USFD,US Foods Holding Corp.,N,23557110542,469,2026-08-07
BURL,"Burlington Stores, Inc.",N,23360999757,470,2026-08-07
EXPD,"Expeditors International of Washington, Inc.",N,23354064708,471,2026-08-07
FFIV,"F5, Inc.",NASDAQ,23305098358,472,2026-08-07
FOX,Fox Corporation,NASDAQ,23265716262,473,2026-08-07
SOFI,"SoFi Technologies, Inc.",NASDAQ,23217615720,474,2026-08-07
MKL,Markel Group Inc.,N,23185700104,475,2026-08-07
ULTA,"Ulta Beauty, Inc.",NASDAQ,23162210874,476,2026-08-07
MTSI,"MACOM Technology Solutions Holdings, Inc.",NASDAQ,23013857269,477,2026-08-07
XPO,"XPO, Inc.",N,22989927403,478,2026-08-07
LUV,Southwest Airlines Company,N,22963432955,479,2026-08-07
FWONA,Liberty Media Corporation - Series A Liberty Formula One,NASDAQ,22870276912,480,2026-08-07
FTAI,FTAI Aviation Ltd.,NASDAQ,22721889742,481,2026-08-07
OMC,Omnicom Group Inc.,N,22636285737,482,2026-08-07
STZ,"Constellation Brands, Inc.",N,22631558074,483,2026-08-07
STE,STERIS plc (Ireland),N,22622303973,484,2026-08-07
PKG,Packaging Corporation of America,N,22519683029,485,2026-08-07
CMS,CMS Energy Corporation,N,22326692083,486,2026-08-07
FICO,Fair Isaac Corporation,N,22286383580,487,2026-08-07
IOT,Samsara Inc.,N,22271179334,488,2026-08-07
RIVN,"Rivian Automotive, Inc.",NASDAQ,22268096489,489,2026-08-07
ROKU,"Roku, Inc.",NASDAQ,22147868601,490,2026-08-07
FIS,"Fidelity National Information Services, Inc.",N,22077370307,491,2026-08-07
DOW,Dow Inc.,N,21886923543,492,2026-08-07
ENTG,"Entegris, Inc.",NASDAQ,21796920000,493,2026-08-07
AMCR,Amcor plc,N,21757988171,494,2026-08-07
WWD,"Woodward, Inc.",NASDAQ,21597780040,495,2026-08-07
IFF,"International Flavors & Fragrances, Inc.",N,21572929372,496,2026-08-07
MRNA,"Moderna, Inc.",NASDAQ,21502844982,497,2026-08-07
IP,International Paper Company,N,21461322956,498,2026-08-07
SNA,Snap-On Incorporated,N,21450203780,499,2026-08-07
RS,"Reliance, Inc.",N,21347441082,500,2026-08-07
EXE,Expand Energy Corporation,NASDAQ,21289088436,501,2026-08-07
BCE,"BCE, Inc.",N,21233612853,502,2026-08-07
GH,"Guardant Health, Inc.",NASDAQ,21146632469,503,2026-08-07
WIT,Wipro Limited,N,20871940791,504,2026-08-07
MTZ,"MasTec, Inc.",N,20769268701,505,2026-08-07
SNX,TD SYNNEX Corporation,N,20726108106,506,2026-08-07
NI,NiSource Inc,N,20700742048,507,2026-08-07
SQM,Sociedad Quimica y Minera S.A.,N,20694459190,508,2026-08-07
THC,Tenet Healthcare Corporation,N,20664396160,509,2026-08-07
EFX,"Equifax, Inc.",N,20652669868,510,2026-08-07
TSN,"Tyson Foods, Inc.",N,20594460512,511,2026-08-07
SITM,SiTime Corporation,NASDAQ,20594419313,512,2026-08-07
LEN,Lennar Corporation,N,20432725944,513,2026-08-07
PAAS,Pan American Silver Corp.,N,20249426275,514,2026-08-07
TOST,"Toast, Inc.",N,20137600000,515,2026-08-07
AS,"Amer Sports, Inc.",N,20137369345,516,2026-08-07
LYB,LyondellBasell Industries NV,N,19847451771,517,2026-08-07
MKSI,MKS Inc.,NASDAQ,19676280219,518,2026-08-07
FN,Fabrinet,N,19489587073,519,2026-08-07
INIO,INNIO N.V.,NASDAQ,19477500000,520,2026-08-07
DD,"DuPont de Nemours, Inc.",N,19452940549,521,2026-08-07
SBAC,SBA Communications Corporation,NASDAQ,19367106904,522,2026-08-07
GIS,"General Mills, Inc.",N,19250861844,523,2026-08-07
ITT,ITT Inc.,N,19168254000,524,2026-08-07
EVRG,"Evergy, Inc.",NASDAQ,19137191336,525,2026-08-07
VTRS,Viatris Inc.,NASDAQ,18970562734,526,2026-08-07
ZBH,"Zimmer Biomet Holdings, Inc.",N,18802618626,527,2026-08-07
BR,"Broadridge Financial Solutions, Inc.",N,18785091221,528,2026-08-07
CHTR,"Charter Communications, Inc.",NASDAQ,18779048340,529,2026-08-07
SSNC,"SS&C Technologies Holdings, Inc.",NASDAQ,18734854881,530,2026-08-07
RCI,"Rogers Communication, Inc.",N,18659346562,531,2026-08-07
NWS,News Corporation,NASDAQ,18542021761,532,2026-08-07
RGLD,"Royal Gold, Inc.",NASDAQ,18510254562,533,2026-08-07
FTV,Fortive Corporation,N,18383777955,534,2026-08-07
WY,Weyerhaeuser Company,N,18342731200,535,2026-08-07
TPG,TPG Inc.,NASDAQ,18332839339,536,2026-08-07
ESS,"Essex Property Trust, Inc.",N,18324217328,537,2026-08-07
GPC,Genuine Parts Company,N,18306397265,538,2026-08-07
LSCC,Lattice Semiconductor Corporation,NASDAQ,18279296006,539,2026-08-07
CDW,CDW Corporation,NASDAQ,18137157438,540,2026-08-07
WCC,"WESCO International, Inc.",N,18117413132,541,2026-08-07
EWBC,"East West Bancorp, Inc.",NASDAQ,18067067033,542,2026-08-07
LNT,Alliant Energy Corporation,NASDAQ,18025472274,543,2026-08-07
MGA,"Magna International, Inc.",N,18003113746,544,2026-08-07
PFGC,Performance Food Group Company,N,17999355128,545,2026-08-07
RBC,RBC Bearings Incorporated,N,17938444809,546,2026-08-07
INVH,Invitation Homes Inc.,N,17937227374,547,2026-08-07
CF,"CF Industries Holdings, Inc.",N,17933145154,548,2026-08-07
TSCO,Tractor Supply Company,NASDAQ,17878487409,549,2026-08-07
OWL,Blue Owl Capital Inc.,N,17867196876,550,2026-08-07
APG,APi Group Corporation,N,17826612251,551,2026-08-07
DKS,Dick's Sporting Goods Inc,N,17776993899,552,2026-08-07
ROL,"Rollins, Inc.",N,17720585229,553,2026-08-07
SMCI,"Super Micro Computer, Inc.",NASDAQ,17669675001,554,2026-08-07
CG,The Carlyle Group Inc.,NASDAQ,17595549992,555,2026-08-07
TIGO,Millicom International Cellular S.A.,NASDAQ,17476183873,556,2026-08-07
FDXF,"FedEx Freight Holding Company, Inc.",N,17464074628,557,2026-08-07
RBRK,"Rubrik, Inc.",N,17413096684,558,2026-08-07
RBA,"RB Global, Inc.",N,17320023000,559,2026-08-07
BEN,"Franklin Resources, Inc.",N,17274614940,560,2026-08-07
AKAM,"Akamai Technologies, Inc.",NASDAQ,17235445216,561,2026-08-07
ZBRA,Zebra Technologies Corporation,NASDAQ,17232434798,562,2026-08-07
IEX,IDEX Corporation,N,17229076894,563,2026-08-07
NDSN,Nordson Corporation,NASDAQ,17215731573,564,2026-08-07
GIB,CGI Inc.,N,17199161219,565,2026-08-07
CHRW,"C.H. Robinson Worldwide, Inc.",NASDAQ,17137405498,566,2026-08-07
NLY,Annaly Capital Management Inc.,N,17079169256,567,2026-08-07
NVR,"NVR, Inc.",N,17018523195,568,2026-08-07
PR,Permian Resources Corporation,N,16980203155,569,2026-08-07
LDOS,"Leidos Holdings, Inc.",N,16974076189,570,2026-08-07
YUMC,"Yum China Holdings, Inc.",N,16924260920,571,2026-08-07
BBY,"Best Buy Co., Inc.",N,16865585423,572,2026-08-07
J,Jacobs Solutions Inc.,N,16857071142,573,2026-08-07
H,Hyatt Hotels Corporation,N,16857067336,574,2026-08-07
GEN,Gen Digital Inc.,NASDAQ,16820015527,575,2026-08-07
JLL,Jones Lang LaSalle Incorporated,N,16732541504,576,2026-08-07
BALL,Ball Corporation,N,16710722927,577,2026-08-07
JAZZ,Jazz Pharmaceuticals plc,NASDAQ,16660326187,578,2026-08-07
STRL,"Sterling Infrastructure, Inc.",NASDAQ,16397892729,579,2026-08-07
KIM,Kimco Realty Corporation (HC),N,16387384382,580,2026-08-07
MEDP,"Medpace Holdings, Inc.",NASDAQ,16328597292,581,2026-08-07
FLUT,Flutter Entertainment plc,N,16293595413,582,2026-08-07
NTNX,"Nutanix, Inc.",NASDAQ,16251669001,583,2026-08-07
JHX,James Hardie Industries plc.,N,16249429504,584,2026-08-07
NBIX,"Neurocrine Biosciences, Inc.",NASDAQ,16245572107,585,2026-08-07
NWSA,News Corporation,NASDAQ,16242745369,586,2026-08-07
CLH,"Clean Harbors, Inc.",N,16239468975,587,2026-08-07
LAMR,Lamar Advertising Company,NASDAQ,16236016160,588,2026-08-07
BBIO,"BridgeBio Pharma, Inc.",NASDAQ,16204597726,589,2026-08-07
TLN,Talen Energy Corporation,NASDAQ,16203241071,590,2026-08-07
CDE,"Coeur Mining, Inc.",N,16190093488,591,2026-08-07
PNFP,"Pinnacle Financial Partners, Inc.",N,16082918275,592,2026-08-07
PTC,PTC Inc.,NASDAQ,16022034499,593,2026-08-07
HST,"Host Hotels & Resorts, Inc.",NASDAQ,16012477590,594,2026-08-07
KEP,Korea Electric Power Corporation,N,15997744799,595,2026-08-07
QXO,"QXO, Inc.",N,15749250000,596,2026-08-07
CRCL,"Circle Internet Group, Inc.",N,15729891178,597,2026-08-07
MAIR,Madison Air Solutions Corporation,N,15683848851,598,2026-08-07
TU,Telus Corporation,N,15588090000,599,2026-08-07
CRBG,Corebridge Financial Inc.,N,15533493445,600,2026-08-07
ULS,UL Solutions Inc.,N,15517893577,601,2026-08-07
ASND,Ascendis Pharma A/S,NASDAQ,15485055389,602,2026-08-07
RGA,"Reinsurance Group of America, Incorporated",N,15481415549,603,2026-08-07
QNT,Quantinuum Inc.,NASDAQ,15365956995,604,2026-08-07
MLI,"Mueller Industries, Inc.",N,15363259210,605,2026-08-07
IESC,"IES Holdings, Inc.",NASDAQ,15310472881,606,2026-08-07
BWXT,"BWX Technologies, Inc.",N,15273384066,607,2026-08-07
SWK,"Stanley Black & Decker, Inc.",N,15258721407,608,2026-08-07
WSE,Wise Group plc,NASDAQ,15245841056,609,2026-08-07
CSL,Carlisle Companies Incorporated,N,15203761536,610,2026-08-07
TRU,TransUnion,N,15174720000,611,2026-08-07
TXT,Textron Inc.,N,15115930135,612,2026-08-07
LII,"Lennox International, Inc.",N,15059122918,613,2026-08-07
GRAB,Grab Holdings Limited,NASDAQ,15048768144,614,2026-08-07
PS,Pershing Square Inc.,N,15044000000,615,2026-08-07
NXT,Nextpower Inc.,NASDAQ,14934736654,616,2026-08-07
MAS,Masco Corporation,N,14881735342,617,2026-08-07
IONQ,"IonQ, Inc.",N,14826282335,618,2026-08-07
ARMK,Aramark,N,14806915189,619,2026-08-07
ALB,Albemarle Corporation,N,14791363928,620,2026-08-07
RPM,RPM International Inc.,N,14773294298,621,2026-08-07
VNOM,"Viper Energy, Inc.",NASDAQ,14755794915,622,2026-08-07
OHI,"Omega Healthcare Investors, Inc.",N,14750672840,623,2026-08-07
DINO,HF Sinclair Corporation,N,14741836759,624,2026-08-07
EQH,"Equitable Holdings, Inc.",N,14686866576,625,2026-08-07
AIZ,"Assurant, Inc.",N,14685919607,626,2026-08-07
UHAL,U-Haul Holding Company,N,14681615396,627,2026-08-07
JBS,JBS N.V.,N,14660304254,628,2026-08-07
DOC,"Healthpeak Properties, Inc.",N,14546755712,629,2026-08-07
GL,Globe Life Inc.,N,14443478441,630,2026-08-07
DOCN,"DigitalOcean Holdings, Inc.",N,14371748397,631,2026-08-07
SOLV,Solventum Corporation,N,14366574108,632,2026-08-07
ALLE,Allegion plc,N,14345705798,633,2026-08-07
COO,"The Cooper Companies, Inc.",NASDAQ,14299645792,634,2026-08-07
KLAR,Klarna Group plc,N,14296357550,635,2026-08-07
W,Wayfair Inc.,N,14254267045,636,2026-08-07
DT,"Dynatrace, Inc.",N,14244419072,637,2026-08-07
CNA,CNA Financial Corporation,N,14239020831,638,2026-08-07
UNM,Unum Group,N,14217533528,639,2026-08-07
PAG,"Penske Automotive Group, Inc.",N,14209445717,640,2026-08-07
EG,"Everest Group, Ltd.",N,14200231537,641,2026-08-07
TTMI,"TTM Technologies, Inc.",NASDAQ,14160474795,642,2026-08-07
TOL,"Toll Brothers, Inc.",N,14144966430,643,2026-08-07
FNF,"Fidelity National Financial, Inc.",N,14141537152,644,2026-08-07
REG,Regency Centers Corporation,NASDAQ,14092957297,645,2026-08-07
MKC,"McCormick & Company, Incorporated",N,14055559139,646,2026-08-07
IVZ,Invesco Ltd,N,13991128028,647,2026-08-07
BAX,Baxter International Inc.,N,13964061933,648,2026-08-07
CACI,"CACI International, Inc.",N,13890791671,649,2026-08-07
HRL,Hormel Foods Corporation,N,13807402321,650,2026-08-07
WMG,Warner Music Group Corp.,NASDAQ,13791514560,651,2026-08-07
TXRH,"Texas Roadhouse, Inc.",NASDAQ,13682933955,652,2026-08-07
SKM,"SK Telecom Co., Ltd.",N,13682298600,653,2026-08-07
TRMB,Trimble Inc.,NASDAQ,13648679437,654,2026-08-07
SGI,Somnigroup International Inc.,N,13644796279,655,2026-08-07
AUR,"Aurora Innovation, Inc.",NASDAQ,13588172717,656,2026-08-07
DTM,"DT Midstream, Inc.",N,13559873144,657,2026-08-07
IREN,IREN Limited,NASDAQ,13555373105,658,2026-08-07
LULU,lululemon athletica inc.,NASDAQ,13525466377,659,2026-08-07
BWA,BorgWarner Inc.,N,13496563118,660,2026-08-07
AMKR,"Amkor Technology, Inc.",NASDAQ,13456185884,661,2026-08-07
GGG,Graco Inc.,N,13450265083,662,2026-08-07
RNR,RenaissanceRe Holdings Ltd.,N,13441621867,663,2026-08-07
ALLY,Ally Financial Inc.,N,13403038474,664,2026-08-07
CET,Central Securities Corporation,A,13393674568,665,2026-08-07
ONTO,Onto Innovation Inc.,N,13366096453,666,2026-08-07
DECK,Deckers Outdoor Corporation,N,13350860396,667,2026-08-07
GWRE,"Guidewire Software, Inc.",N,13323515931,668,2026-08-07
AIT,"Applied Industrial Technologies, Inc.",N,13265148860,669,2026-08-07
PINS,"Pinterest, Inc.",N,13212082920,670,2026-08-07
AVY,Avery Dennison Corporation,N,13186378827,671,2026-08-07
EXEL,"Exelixis, Inc.",NASDAQ,13120735333,672,2026-08-07
AGI,Alamos Gold Inc.,N,13060924282,673,2026-08-07
WSO,"Watsco, Inc.",N,13051881565,674,2026-08-07
EMBJ,Embraer S.A.,N,12997142113,675,2026-08-07
AEIS,"Advanced Energy Industries, Inc.",NASDAQ,12972738668,676,2026-08-07
HAS,"Hasbro, Inc.",NASDAQ,12932367179,677,2026-08-07
APA,APA Corporation,NASDAQ,12912267392,678,2026-08-07
PEN,"Penumbra, Inc.",N,12796047631,679,2026-08-07
SF,Stifel Financial Corporation,N,12792173517,680,2026-08-07
CHKP,Check Point Software Technologies Ltd.,NASDAQ,12791167428,681,2026-08-07
CRL,"Charles River Laboratories International, Inc.",N,12789013992,682,2026-08-07
FIVE,"Five Below, Inc.",NASDAQ,12779861523,683,2026-08-07
CLX,Clorox Company (The),N,12769294666,684,2026-08-07
WBS,Webster Financial Corporation,N,12764995033,685,2026-08-07
GLPI,"Gaming and Leisure Properties, Inc.",NASDAQ,12759753086,686,2026-08-07
RVTY,"Revvity, Inc.",N,12744588468,687,2026-08-07
SJM,The J.M. Smucker Company,N,12697425972,688,2026-08-07
HII,"Huntington Ingalls Industries, Inc.",N,12678823452,689,2026-08-07
FIG,"Figma, Inc.",N,12665186455,690,2026-08-07
CR,Crane Company,N,12632267804,691,2026-08-07
SNN,"Smith & Nephew SNATS, Inc.",N,12614153077,692,2026-08-07
WTS,"Watts Water Technologies, Inc.",N,12592372437,693,2026-08-07
AGNC,AGNC Investment Corp.,NASDAQ,12577958153,694,2026-08-07
SEIC,SEI Investments Company,NASDAQ,12564808164,695,2026-08-07
SMTC,Semtech Corporation,NASDAQ,12554914423,696,2026-08-07
ELS,"Equity Lifestyle Properties, Inc.",N,12548218265,697,2026-08-07
TYL,"Tyler Technologies, Inc.",N,12544910094,698,2026-08-07
AA,Alcoa Corporation,N,12530420449,699,2026-08-07
COKE,"Coca-Cola Consolidated, Inc.",NASDAQ,12529397060,700,2026-08-07
GNRC,Generac Holdlings Inc.,N,12460963316,701,2026-08-07
BJ,"BJ's Wholesale Club Holdings, Inc.",N,12409301657,702,2026-08-07
EHC,Encompass Health Corporation,N,12382029166,703,2026-08-07
ICLR,ICON plc,NASDAQ,12340355770,704,2026-08-07
UDR,"UDR, Inc.",N,12253017427,705,2026-08-07
PNW,Pinnacle West Capital Corporation,N,12219105132,706,2026-08-07
AFG,"American Financial Group, Inc.",N,12191220959,707,2026-08-07
OC,Owens Corning Inc,N,12127564841,708,2026-08-07
ARWR,"Arrowhead Pharmaceuticals, Inc.",NASDAQ,12123870903,709,2026-08-07
NVMI,Nova Ltd.,NASDAQ,12119482883,710,2026-08-07
ALGN,"Align Technology, Inc.",NASDAQ,12109192913,711,2026-08-07
FHN,First Horizon Corporation,N,12098008053,712,2026-08-07
DRS,"Leonardo DRS, Inc.",NASDAQ,12090185630,713,2026-08-07
ELAN,Elanco Animal Health Incorporated,N,12086679909,714,2026-08-07
EVR,Evercore Inc.,N,12004335260,715,2026-08-07
DY,"Dycom Industries, Inc.",N,11999668474,716,2026-08-07
CSGP,"CoStar Group, Inc.",NASDAQ,11985744653,717,2026-08-07
RRX,Regal Rexnord Corporation,N,11917284958,718,2026-08-07
CHYM,"Chime Financial, Inc.",NASDAQ,11906848094,719,2026-08-07
BMRN,BioMarin Pharmaceutical Inc.,NASDAQ,11879261559,720,2026-08-07
DPZ,Domino's Pizza Inc,NASDAQ,11857486276,721,2026-08-07
MDGL,"Madrigal Pharmaceuticals, Inc.",NASDAQ,11791421745,722,2026-08-07
ENLT,Enlight Renewable Energy Ltd.,NASDAQ,11767684223,723,2026-08-07
ERIE,Erie Indemnity Company,NASDAQ,11734794616,724,2026-08-07
HBM,Hudbay Minerals Inc.,N,11685448636,725,2026-08-07
IT,"Gartner, Inc.",N,11671193744,726,2026-08-07
CORT,Corcept Therapeutics Incorporated,NASDAQ,11669221956,727,2026-08-07
LFUS,"Littelfuse, Inc.",NASDAQ,11664120572,728,2026-08-07
SCI,Service Corporation International,N,11607190511,729,2026-08-07
MICC,The Magnum Ice Cream Company N.V.,N,11583954262,730,2026-08-07
MGM,MGM Resorts International,N,11547044492,731,2026-08-07
DVA,DaVita Inc.,N,11526746000,732,2026-08-07
FPS,"Forgent Power Solutions, Inc.",N,11483057693,733,2026-08-07
GDDY,GoDaddy Inc.,N,11442620056,734,2026-08-07
DCI,"Donaldson Company, Inc.",N,11398693247,735,2026-08-07
WMS,"Advanced Drainage Systems, Inc.",N,11378006958,736,2026-08-07
RYAN,"Ryan Specialty Holdings, Inc.",N,11376083489,737,2026-08-07
BPOP,"Popular, Inc.",NASDAQ,11367672063,738,2026-08-07
ARW,"Arrow Electronics, Inc.",N,11366564856,739,2026-08-07
WTRG,"Essential Utilities, Inc.",N,11311283362,740,2026-08-07
VSAT,"ViaSat, Inc.",NASDAQ,11294572625,741,2026-08-07
TECH,Bio-Techne Corp,NASDAQ,11257293197,742,2026-08-07
CGNX,Cognex Corporation,NASDAQ,11213342608,743,2026-08-07
HUT,Hut 8 Corp.,NASDAQ,11173470774,744,2026-08-07
PNR,Pentair plc.,N,11158692705,745,2026-08-07
JKHY,"Jack Henry & Associates, Inc.",NASDAQ,11150709413,746,2026-08-07
CPT,Camden Property Trust,N,11133727619,747,2026-08-07
MANH,"Manhattan Associates, Inc.",NASDAQ,11114676812,748,2026-08-07
BMNR,"BitMine Immersion Technologies, Inc.",N,11039043010,749,2026-08-07
SANM,Sanmina Corporation,NASDAQ,11022832235,750,2026-08-07
UMBF,UMB Financial Corporation,NASDAQ,11022627854,751,2026-08-07
GMED,"Globus Medical, Inc.",N,11006174276,752,2026-08-07
DKNG,DraftKings Inc.,NASDAQ,10999175873,753,2026-08-07
BXP,"BXP, Inc.",N,10973639275,754,2026-08-07
JEF,Jefferies Financial Group Inc.,N,10911588301,755,2026-08-07
DOCU,"DocuSign, Inc.",NASDAQ,10864748195,756,2026-08-07
AXSM,"Axsome Therapeutics, Inc.",NASDAQ,10813240630,757,2026-08-07
SMMT,Summit Therapeutics Inc.,NASDAQ,10801529611,758,2026-08-07
KTOS,"Kratos Defense & Security Solutions, Inc.",NASDAQ,10777081383,759,2026-08-07
GIL,"Gildan Activewear, Inc. Class A Sub. Vot.",N,10772609798,760,2026-08-07
BSY,"Bentley Systems, Incorporated",NASDAQ,10742250393,761,2026-08-07
WTFC,Wintrust Financial Corporation,NASDAQ,10732961412,762,2026-08-07
AR,Antero Resources Corporation,N,10729621100,763,2026-08-07
SPXC,"SPX Technologies, Inc.",N,10726387778,764,2026-08-07
GSAT,"Globalstar, Inc.",NASDAQ,10720390616,765,2026-08-07
AYI,Acuity Inc.,N,10686990279,766,2026-08-07
HL,Hecla Mining Company,N,10654247316,767,2026-08-07
AAL,"American Airlines Group, Inc.",NASDAQ,10611378315,768,2026-08-07
RMBS,"Rambus, Inc.",NASDAQ,10594529381,769,2026-08-07
ENSG,"The Ensign Group, Inc.",NASDAQ,10587586960,770,2026-08-07
CART,Maplebear Inc.,NASDAQ,10583392524,771,2026-08-07
AHR,"American Healthcare REIT, Inc.",N,10543837471,772,2026-08-07
PSO,"Pearson, Plc",N,10534757583,773,2026-08-07
WYNN,"Wynn Resorts, Limited",NASDAQ,10534352994,774,2026-08-07
SSB,SouthState Bank Corporation,N,10526585666,775,2026-08-07
ORI,Old Republic International Corporation,N,10490260461,776,2026-08-07
AES,The AES Corporation,N,10487547861,777,2026-08-07
NYT,New York Times Company (The),N,10483847014,778,2026-08-07
ZION,Zions Bancorporation N.A.,NASDAQ,10381740444,779,2026-08-07
HUBS,"HubSpot, Inc.",N,10368007108,780,2026-08-07
PRAX,"Praxis Precision Medicines, Inc.",NASDAQ,10319606984,781,2026-08-07
PAYC,"Paycom Software, Inc.",N,10286964257,782,2026-08-07
UHS,"Universal Health Services, Inc.",N,10274229492,783,2026-08-07
PRI,"Primerica, Inc.",N,10248321536,784,2026-08-07
FRT,Federal Realty Investment Trust,N,10245097672,785,2026-08-07
CFR,"Cullen/Frost Bankers, Inc.",N,10239633817,786,2026-08-07
MOD,Modine Manufacturing Company,N,10225258544,787,2026-08-07
ONB,Old National Bancorp,NASDAQ,10203141900,788,2026-08-07
AM,Antero Midstream Corporation,N,10200744260,789,2026-08-07
HALO,"Halozyme Therapeutics, Inc.",NASDAQ,10172250880,790,2026-08-07
PSKY,Paramount Skydance Corporation,NASDAQ,10164828758,791,2026-08-07
APGE,"Apogee Therapeutics, Inc.",NASDAQ,10139117044,792,2026-08-07
CYTK,"Cytokinetics, Incorporated",NASDAQ,10125077814,793,2026-08-07
RDY,Dr. Reddy's Laboratories Ltd,N,10107695907,794,2026-08-07
GKOS,Glaukos Corporation,N,10085663388,795,2026-08-07
VICR,Vicor Corporation,NASDAQ,10084464423,796,2026-08-07
SIRI,SiriusXM Holdings Inc.,NASDAQ,10071558703,797,2026-08-07
R,"Ryder System, Inc.",N,10058000008,798,2026-08-07
FROG,JFrog Ltd.,NASDAQ,10057781881,799,2026-08-07
SWKS,"Skyworks Solutions, Inc.",NASDAQ,10057600749,800,2026-08-07
SAIL,"SailPoint, Inc.",NASDAQ,10027795387,801,2026-08-07
MOH,Molina Healthcare Inc,N,10016136000,802,2026-08-07
FLS,Flowserve Corporation,N,9996149019,803,2026-08-07
SARO,"StandardAero, Inc.",N,9974159160,804,2026-08-07
GGB,Gerdau S.A.,N,9969210967,805,2026-08-07
AAOI,"Applied Optoelectronics, Inc.",NASDAQ,9967756517,806,2026-08-07
WLK,Westlake Corporation,N,9925684472,807,2026-08-07
MUSA,Murphy USA Inc.,N,9903611883,808,2026-08-07
SOLS,Solstice Advanced Materials Inc.,NASDAQ,9877129404,809,2026-08-07
SFD,"Smithfield Foods, Inc.",NASDAQ,9868409756,810,2026-08-07
HSIC,"Henry Schein, Inc.",NASDAQ,9832928401,811,2026-08-07
AMG,"Affiliated Managers Group, Inc.",N,9830049795,812,2026-08-07
FDS,FactSet Research Systems Inc.,N,9765586797,813,2026-08-07
EAT,"Brinker International, Inc.",N,9747108033,814,2026-08-07
CTRE,"CareTrust REIT, Inc.",N,9716560866,815,2026-08-07
LTH,"Life Time Group Holdings, Inc.",N,9716125499,816,2026-08-07
OGE,OGE Energy Corp,N,9665938419,817,2026-08-07
SAIA,"Saia, Inc.",NASDAQ,9651421863,818,2026-08-07
PODD,Insulet Corporation,NASDAQ,9648569088,819,2026-08-07
ALSN,"Allison Transmission Holdings, Inc.",N,9640478431,820,2026-08-07
DDS,"Dillard's, Inc.",N,9638306970,821,2026-08-07
ACM,AECOM,N,9630222396,822,2026-08-07
DAR,Darling Ingredients Inc.,N,9616694735,823,2026-08-07
APTV,Aptiv PLC,N,9613423225,824,2026-08-07
CHWY,"Chewy, Inc.",N,9592809170,825,2026-08-07
KRYS,"Krystal Biotech, Inc.",NASDAQ,9551248389,826,2026-08-07
LLYVK,"Liberty Live Holdings, Inc. - Series C Liberty Live Group",NASDAQ,9543619420,827,2026-08-07
ADC,Agree Realty Corporation,N,9496360319,828,2026-08-07
VMI,"Valmont Industries, Inc.",N,9496252699,829,2026-08-07
VIAV,Viavi Solutions Inc.,NASDAQ,9494320443,830,2026-08-07
OSK,Oshkosh Corporation (Holding Company),N,9473347087,831,2026-08-07
MSGS,Madison Square Garden Sports Corp.,N,9427240457,832,2026-08-07
PTGX,"Protagonist Therapeutics, Inc.",NASDAQ,9401036505,833,2026-08-07
COMP,"Compass, Inc.",N,9399185306,834,2026-08-07
ESI,Element Solutions Inc.,N,9365041825,835,2026-08-07
TTC,Toro Company (The),N,9354397125,836,2026-08-07
LEVI,Levi Strauss & Co,N,9351868657,837,2026-08-07
BROS,Dutch Bros Inc.,N,9313991332,838,2026-08-07
IAG,Iamgold Corporation,N,9299003000,839,2026-08-07
LINE,"Lineage, Inc.",NASDAQ,9252686194,840,2026-08-07
BRX,Brixmor Property Group Inc.,N,9252200327,841,2026-08-07
JMKE,Jersey Mike's Subs Inc.,N,9211934530,842,2026-08-07
VOYA,"Voya Financial, Inc.",N,9202630973,843,2026-08-07
LLYVA,"Liberty Live Holdings, Inc. - Series A Liberty Live Group",NASDAQ,9164561173,844,2026-08-07
BIO,"Bio-Rad Laboratories, Inc.",N,9155953265,845,2026-08-07
SYRE,"Spyre Therapeutics, Inc.",NASDAQ,9118930466,846,2026-08-07
IONS,"Ionis Pharmaceuticals, Inc.",NASDAQ,9055383706,847,2026-08-07
EDU,"New Oriental Education & Technology Group, Inc. Sponsored ADR representing 10",N,9044252802,848,2026-08-07
FRHC,Freedom Holding Corp.,NASDAQ,9039429846,849,2026-08-07
JXN,Jackson Financial Inc.,N,9030950725,850,2026-08-07
RRC,Range Resources Corporation,N,9013018894,851,2026-08-07
FORM,"FormFactor, Inc.",NASDAQ,9000288727,852,2026-08-07
RGEN,Repligen Corporation,NASDAQ,8998095412,853,2026-08-07
MHK,"Mohawk Industries, Inc.",N,8969885161,854,2026-08-07
NNN,"NNN REIT, Inc.",N,8941664319,855,2026-08-07
KT,KT Corporation,N,8934983035,856,2026-08-07
LNC,Lincoln National Corporation,N,8934847171,857,2026-08-07
FCFS,"FirstCash Holdings, Inc.",NASDAQ,8919844388,858,2026-08-07
HLI,"Houlihan Lokey, Inc.",N,8916119670,859,2026-08-07
TKR,Timken Company (The),N,8915038337,860,2026-08-07
AVTR,"Avantor, Inc.",N,8914409511,861,2026-08-07
CRNX,"Crinetics Pharmaceuticals, Inc.",NASDAQ,8900994018,862,2026-08-07
NCLH,Norwegian Cruise Line Holdings Ltd.,N,8894468577,863,2026-08-07
BAH,Booz Allen Hamilton Holding Corporation,N,8892668054,864,2026-08-07
TTEK,"Tetra Tech, Inc.",NASDAQ,8892422984,865,2026-08-07
PB,"Prosperity Bancshares, Inc.",N,8878835361,866,2026-08-07
WAL,Western Alliance Bancorporation,N,8873173269,867,2026-08-07
ALV,"Autoliv, Inc.",N,8830211254,868,2026-08-07
SNAP,Snap Inc.,N,8828052057,869,2026-08-07
FRO,Frontline Plc,N,8806961489,870,2026-08-07
CNM,"Core & Main, Inc.",N,8803226392,871,2026-08-07
BOKF,BOK Financial Corporation,NASDAQ,8778989275,872,2026-08-07
COLB,"Columbia Banking System, Inc.",NASDAQ,8778457376,873,2026-08-07
KYMR,"Kymera Therapeutics, Inc.",NASDAQ,8753029939,874,2026-08-07
WULF,TeraWulf Inc.,NASDAQ,8728807542,875,2026-08-07
PRMB,Primo Brands Corporation,N,8676187317,876,2026-08-07
AVAV,"AeroVironment, Inc.",NASDAQ,8660046094,877,2026-08-07
HQY,"HealthEquity, Inc.",NASDAQ,8647807120,878,2026-08-07
XP,XP Inc.,NASDAQ,8645443143,879,2026-08-07
ATR,"AptarGroup, Inc.",N,8633045696,880,2026-08-07
GME,GameStop Corporation,N,8628332872,881,2026-08-07
VIRT,"Virtu Financial, Inc.",N,8626028617,882,2026-08-07
CBSH,"Commerce Bancshares, Inc.",NASDAQ,8619803353,883,2026-08-07
ZWS,Zurn Elkay Water Solutions Corporation,N,8598394788,884,2026-08-07
KNSL,"Kinsale Capital Group, Inc.",N,8573115817,885,2026-08-07
AOS,A.O. Smith Corporation,N,8560881013,886,2026-08-07
MTCH,"Match Group, Inc.",NASDAQ,8539887517,887,2026-08-07
AG,First Majestic Silver Corp.,N,8517422298,888,2026-08-07
PCVX,"Vaxcyte, Inc.",NASDAQ,8503579493,889,2026-08-07
ESE,ESCO Technologies Inc.,N,8498329631,890,2026-08-07
IDCC,"InterDigital, Inc.",NASDAQ,8474950759,891,2026-08-07
PCOR,"Procore Technologies, Inc.",N,8466951433,892,2026-08-07
XE,"X-Energy, Inc.",NASDAQ,8460542369,893,2026-08-07
MP,MP Materials Corp.,N,8454274183,894,2026-08-07
ARE,"Alexandria Real Estate Equities, Inc.",N,8447522194,895,2026-08-07
APLD,Applied Digital Corporation,NASDAQ,8411798572,896,2026-08-07
QRVO,"Qorvo, Inc.",NASDAQ,8410168274,897,2026-08-07
EMN,Eastman Chemical Company,N,8406740444,898,2026-08-07
FR,"First Industrial Realty Trust, Inc.",N,8403799047,899,2026-08-07
MAAS,Maase Inc.,NASDAQ,8361540180,900,2026-08-07
STN,Stantec Inc,N,8339438004,901,2026-08-07
ASR,"Grupo Aeroportuario del Sureste, S.A. de C.V.",N,8328900000,902,2026-08-07
TEM,"Tempus AI, Inc.",NASDAQ,8321650947,903,2026-08-07
TTD,"The Trade Desk, Inc.",NASDAQ,8306814739,904,2026-08-07
AGX,"Argan, Inc.",N,8283552475,905,2026-08-07
LAD,"Lithia Motors, Inc.",N,8260815330,906,2026-08-07
NEU,NewMarket Corp,N,8214965552,907,2026-08-07
IMVT,"Immunovant, Inc.",NASDAQ,8202428912,908,2026-08-07
TTAN,"ServiceTitan, Inc.",NASDAQ,8165078787,909,2026-08-07
CMC,Commercial Metals Company,N,8151907246,910,2026-08-07
IDA,"IDACORP, Inc.",N,8150522279,911,2026-08-07
KNTK,Kinetik Holdings Inc.,N,8145598089,912,2026-08-07
REXR,"Rexford Industrial Realty, Inc.",N,8139066526,913,2026-08-07
SFM,"Sprouts Farmers Market, Inc.",NASDAQ,8131192900,914,2026-08-07
ALKS,Alkermes plc,NASDAQ,8114709467,915,2026-08-07
PCTY,Paylocity Holding Corporation,NASDAQ,8111389346,916,2026-08-07
PL,Planet Labs PBC,N,8097465391,917,2026-08-07
JOBY,"Joby Aviation, Inc.",N,8095380672,918,2026-08-07
DBX,"Dropbox, Inc.",NASDAQ,8058204416,919,2026-08-07
VLY,Valley National Bancorp,NASDAQ,8018282487,920,2026-08-07
RIOT,"Riot Platforms, Inc.",NASDAQ,8013439330,921,2026-08-07
DPC,DPC Holdings PLC,N,8012747703,922,2026-08-07
OSCR,"Oscar Health, Inc.",N,8001624220,923,2026-08-07
CBC,"Central Bancompany, Inc.",NASDAQ,7986677476,924,2026-08-07
SSD,"Simpson Manufacturing Company, Inc.",N,7957797588,925,2026-08-07
TAP,Molson Coors Beverage Company,N,7954053178,926,2026-08-07
LQDA,Liquidia Corporation,NASDAQ,7951950613,927,2026-08-07
BRKR,Bruker Corporation,NASDAQ,7946112942,928,2026-08-07
AVT,"Avnet, Inc.",NASDAQ,7939931041,929,2026-08-07
SNEX,StoneX Group Inc.,NASDAQ,7932080169,930,2026-08-07
ALGM,"Allegro MicroSystems, Inc.",NASDAQ,7913698863,931,2026-08-07
JAN,"Janus Living, Inc. Class A-1",N,7812649639,932,2026-08-07
ETSY,"Etsy, Inc.",N,7806163962,933,2026-08-07
FSS,Federal Signal Corporation,N,7802949134,934,2026-08-07
BLDR,"Builders FirstSource, Inc.",N,7801819097,935,2026-08-07
HXL,Hexcel Corporation,N,7787703087,936,2026-08-07
AWI,Armstrong World Industries Inc,N,7775092099,937,2026-08-07
ZG,"Zillow Group, Inc.",NASDAQ,7724349106,938,2026-08-07
RYTM,"Rhythm Pharmaceuticals, Inc.",NASDAQ,7718318392,939,2026-08-07
VFS,VinFast Auto Ltd.,NASDAQ,7673678113,940,2026-08-07
FAF,First American Corporation (New),N,7672815000,941,2026-08-07
NFG,National Fuel Gas Company,N,7663486332,942,2026-08-07
GLXY,Galaxy Digital Inc.,NASDAQ,7632525848,943,2026-08-07
AXS,Axis Capital Holdings Limited,N,7621331811,944,2026-08-07
TGTX,"TG Therapeutics, Inc.",NASDAQ,7585291389,945,2026-08-07
CIFR,Cipher Digital Inc.,NASDAQ,7557709448,946,2026-08-07
POWL,"Powell Industries, Inc.",NASDAQ,7554656471,947,2026-08-07
MSA,MSA Safety Incorporated,N,7482644934,948,2026-08-07
OMF,"OneMain Holdings, Inc.",N,7481146729,949,2026-08-07
TEX,Terex Corporation,N,7469505000,950,2026-08-07
CHRD,Chord Energy Corporation,NASDAQ,7459641748,951,2026-08-07
MOS,Mosaic Company (The),N,7456682268,952,2026-08-07
VSXY,Victorias Secret & Co.,N,7434065654,953,2026-08-07
AAON,"AAON, Inc.",NASDAQ,7394989179,954,2026-08-07
PACS,"PACS Group, Inc.",N,7389523012,955,2026-08-07
GAP,"Gap, Inc. (The)",N,7386767705,956,2026-08-07
MORN,"Morningstar, Inc.",NASDAQ,7374042651,957,2026-08-07
UGI,UGI Corporation,N,7349416447,958,2026-08-07
OKLO,Oklo Inc.,N,7340679742,959,2026-08-07
KRMN,Karman Holdings Inc.,N,7307500127,960,2026-08-07
POOL,Pool Corporation,NASDAQ,7307397407,961,2026-08-07
RAL,Ralliant Corporation,N,7296708528,962,2026-08-07
ESTC,Elastic N.V.,N,7271416728,963,2026-08-07
VNO,Vornado Realty Trust,N,7270897477,964,2026-08-07
PBF,PBF Energy Inc.,N,7259195959,965,2026-08-07
PATH,"UiPath, Inc.",N,7253683724,966,2026-08-07
CAVA,"CAVA Group, Inc.",N,7248168059,967,2026-08-07
TRNO,Terreno Realty Corporation,N,7244836293,968,2026-08-07
SLAB,"Silicon Laboratories, Inc.",NASDAQ,7205538871,969,2026-08-07
PLXS,Plexus Corp.,NASDAQ,7183831474,970,2026-08-07
MBLY,Mobileye Global Inc.,NASDAQ,7158579575,971,2026-08-07
LW,"Lamb Weston Holdings, Inc.",N,7155886623,972,2026-08-07
COGT,"Cogent Biosciences, Inc.",NASDAQ,7142282567,973,2026-08-07
ECG,"Everus Construction Group, Inc.",N,7121835285,974,2026-08-07
NPO,Enpro Inc.,N,7120172858,975,2026-08-07
AGCO,AGCO Corporation,N,7117324618,976,2026-08-07
S,"SentinelOne, Inc.",N,7116605289,977,2026-08-07
QBTS,D-Wave Quantum Inc.,NASDAQ,7116543147,978,2026-08-07
ACA,"Arcosa, Inc.",N,7113572180,979,2026-08-07
KEX,Kirby Corporation,N,7111755000,980,2026-08-07
CAG,"ConAgra Brands, Inc.",N,7106699784,981,2026-08-07
STAG,"Stag Industrial, Inc.",N,7095346507,982,2026-08-07
NOV,NOV Inc.,N,7093914688,983,2026-08-07
NAVN,"Navan, Inc.",NASDAQ,7085668959,984,2026-08-07
YOU,"Clear Secure, Inc.",N,7085661090,985,2026-08-07
PJT,PJT Partners Inc.,N,7084755455,986,2026-08-07
AN,"AutoNation, Inc.",N,6986740132,987,2026-08-07
CLF,Cleveland-Cliffs Inc.,N,6977704775,988,2026-08-07
CAMT,Camtek Ltd.,NASDAQ,6966930010,989,2026-08-07
HR,Healthcare Realty Trust Incorporated,N,6922939152,990,2026-08-07
MSM,"MSC Industrial Direct Company, Inc.",N,6919914785,991,2026-08-07
SM,SM Energy Company,N,6880787719,992,2026-08-07
APPF,"AppFolio, Inc.",NASDAQ,6874792317,993,2026-08-07
GLBE,Global-E Online Ltd.,NASDAQ,6873651174,994,2026-08-07
LGN,Legence Corp.,NASDAQ,6867971337,995,2026-08-07
HIMS,"Hims & Hers Health, Inc.",N,6865035234,996,2026-08-07
ENS,EnerSys,N,6845256549,997,2026-08-07
BIRK,Birkenstock Holding plc,N,6841305283,998,2026-08-07
TWST,Twist Bioscience Corporation,NASDAQ,6840125810,999,2026-08-07
FLR,Fluor Corporation,N,6808907430,1000,2026-08-07
ICL,ICL Group Ltd.,N,6801845282,1001,2026-08-07
ACT,"Enact Holdings, Inc.",NASDAQ,6794368259,1002,2026-08-07
LOAR,Loar Holdings Inc.,N,6791519126,1003,2026-08-07
FRVO,Fervo Energy Company,NASDAQ,6776834402,1004,2026-08-07
CORZ,"Core Scientific, Inc.",NASDAQ,6764216283,1005,2026-08-07
FNB,F.N.B. Corporation,N,6752636113,1006,2026-08-07
ST,Sensata Technologies Holding plc,N,6742676486,1007,2026-08-07
RIG,Transocean Ltd (Switzerland),N,6728689954,1008,2026-08-07
CPB,The Campbell's Company,NASDAQ,6727532842,1009,2026-08-07
SWX,"Southwest Gas Holdings, Inc.",N,6687438265,1010,2026-08-07
VCTR,"Victory Capital Holdings, Inc.",NASDAQ,6677696810,1011,2026-08-07
DSGX,The Descartes Systems Group Inc.,NASDAQ,6665032524,1012,2026-08-07
MAC,Macerich Company (The),N,6660809719,1013,2026-08-07
URBN,"Urban Outfitters, Inc.",NASDAQ,6651276897,1014,2026-08-07
MBGL,Mobility Global Inc.,N,6633600000,1015,2026-08-07
EPRT,"Essential Properties Realty Trust, Inc.",N,6624442113,1016,2026-08-07
M,Macy's Inc,N,6610143784,1017,2026-08-07
CGON,"CG Oncology, Inc.",NASDAQ,6601955104,1018,2026-08-07
SGHC,Super Group (SGHC) Limited,N,6599917476,1019,2026-08-07
ORA,"Ormat Technologies, Inc.",N,6598689130,1020,2026-08-07
INGM,Ingram Micro Holding Corporation,N,6585397359,1021,2026-08-07
LNTH,"Lantheus Holdings, Inc.",NASDAQ,6580271708,1022,2026-08-07
RRR,"Red Rock Resorts, Inc.",NASDAQ,6564748965,1023,2026-08-07
PPC,Pilgrim's Pride Corporation,NASDAQ,6558699294,1024,2026-08-07
MRCY,Mercury Systems Inc,NASDAQ,6534510489,1025,2026-08-07
IBP,"Installed Building Products, Inc.",N,6518843599,1026,2026-08-07
NE,Noble Corporation plc A,N,6495841850,1027,2026-08-07
INGR,Ingredion Incorporated,N,6490669149,1028,2026-08-07
EXP,Eagle Materials Inc,N,6482923186,1029,2026-08-07
WEX,WEX Inc.,N,6459828549,1030,2026-08-07
RYN,Rayonier Inc. REIT,N,6445012989,1031,2026-08-07
CROX,"Crocs, Inc.",NASDAQ,6433270164,1032,2026-08-07
FND,"Floor & Decor Holdings, Inc.",N,6388333000,1033,2026-08-07
DOX,Amdocs Limited,NASDAQ,6381976746,1034,2026-08-07
WFRD,Weatherford International plc,NASDAQ,6377137009,1035,2026-08-07
ENVA,"Enova International, Inc.",N,6372987041,1036,2026-08-07
ZETA,Zeta Global Holdings Corp.,N,6371024793,1037,2026-08-07
MXL,"MaxLinear, Inc",NASDAQ,6366662008,1038,2026-08-07
JBTM,JBT Marel Corporation,N,6357479845,1039,2026-08-07
VSEC,VSE Corporation,NASDAQ,6325484918,1040,2026-08-07
FTDR,"Frontdoor, Inc.",NASDAQ,6315524186,1041,2026-08-07
GBCI,"Glacier Bancorp, Inc.",N,6315279721,1042,2026-08-07
GATX,GATX Corporation,N,6311287000,1043,2026-08-07
SRRK,Scholar Rock Holding Corporation,NASDAQ,6307763712,1044,2026-08-07
FIGR,"Figure Technology Solutions, Inc.",NASDAQ,6306751766,1045,2026-08-07
QLYS,"Qualys, Inc.",NASDAQ,6288679282,1046,2026-08-07
HWC,Hancock Whitney Corporation,NASDAQ,6277568825,1047,2026-08-07
ERAS,"Erasca, Inc.",NASDAQ,6252641854,1048,2026-08-07
CRUS,"Cirrus Logic, Inc.",NASDAQ,6231415200,1049,2026-08-07
HOMB,"Home BancShares, Inc.",N,6209575831,1050,2026-08-07
MTG,MGIC Investment Corporation,N,6207077658,1051,2026-08-07
HNGE,"Hinge Health, Inc.",N,6196600730,1052,2026-08-07
RUSHA,"Rush Enterprises, Inc.",NASDAQ,6196000961,1053,2026-08-07
LKQ,LKQ Corporation,NASDAQ,6190961044,1054,2026-08-07
LYFT,"Lyft, Inc.",NASDAQ,6188825272,1055,2026-08-07
SNDR,"Schneider National, Inc.",N,6174097663,1056,2026-08-07
MATX,"Matson, Inc.",N,6167887247,1057,2026-08-07
TFX,Teleflex Incorporated,N,6148689606,1058,2026-08-07
DNTH,"Dianthus Therapeutics, Inc.",NASDAQ,6148306830,1059,2026-08-07
STVN,Stevanato Group S.p.A.,N,6144675055,1060,2026-08-07
G,Genpact Limited,N,6129355402,1061,2026-08-07
CZR,"Caesars Entertainment, Inc.",NASDAQ,6121797179,1062,2026-08-07
PRM,"Perimeter Solutions, SA",N,6113706574,1063,2026-08-07
BYD,Boyd Gaming Corporation,N,6111773426,1064,2026-08-07
LUMN,"Lumen Technologies, Inc.",N,6085527884,1065,2026-08-07
CELH,"Celsius Holdings, Inc.",NASDAQ,6076571357,1066,2026-08-07
AUB,Atlantic Union Bankshares Corporation,N,6073829120,1067,2026-08-07
STEP,StepStone Group Inc.,NASDAQ,6073656700,1068,2026-08-07
CHDN,"Churchill Downs, Incorporated",NASDAQ,6055557112,1069,2026-08-07
RUSHB,"Rush Enterprises, Inc.",NASDAQ,6049901854,1070,2026-08-07
MTDR,Matador Resources Company,N,6042512526,1071,2026-08-07
CACC,Credit Acceptance Corporation,NASDAQ,6034231154,1072,2026-08-07
GTLB,GitLab Inc.,NASDAQ,6026352000,1073,2026-08-07
MIDD,The Middleby Corporation,NASDAQ,6026188027,1074,2026-08-07
ABCB,Ameris Bancorp,N,6021121012,1075,2026-08-07
LGND,Ligand Pharmaceuticals Incorporated,NASDAQ,6015124049,1076,2026-08-07
LSTR,"Landstar System, Inc.",NASDAQ,6008871941,1077,2026-08-07
FBIN,"Fortune Brands Innovations, Inc.",N,6006423546,1078,2026-08-07
SEZL,Sezzle Inc.,NASDAQ,6003431702,1079,2026-08-07
KNSA,"Kiniksa Pharmaceuticals International, plc",NASDAQ,5969617235,1080,2026-08-07
MCY,Mercury General Corporation,N,5950954085,1081,2026-08-07
ORKA,"Oruka Therapeutics, Inc.",NASDAQ,5935916980,1082,2026-08-07
TXNM,"TXNM Energy, Inc.",N,5924120921,1083,2026-08-07
PTCT,"PTC Therapeutics, Inc.",NASDAQ,5913197822,1084,2026-08-07
RLI,RLI Corp.,N,5908343809,1085,2026-08-07
FLG,"Flagstar Bank, N.A.",N,5902102128,1086,2026-08-07
AIR,AAR Corp.,N,5893894176,1087,2026-08-07
TVTX,"Travere Therapeutics, Inc.",NASDAQ,5886604571,1088,2026-08-07
ASB,Associated Banc-Corp,N,5884555374,1089,2026-08-07
LEA,Lear Corporation,N,5873592897,1090,2026-08-07
SSRM,SSR Mining Inc.,NASDAQ,5866470906,1091,2026-08-07
ACI,"Albertsons Companies, Inc.",N,5862734251,1092,2026-08-07
AROC,"Archrock, Inc.",N,5844974227,1093,2026-08-07
CPA,"Copa Holdings, S.A.",N,5843731454,1094,2026-08-07
OZK,Bank OZK,NASDAQ,5836693050,1095,2026-08-07
HRB,"H&R Block, Inc.",N,5824631512,1096,2026-08-07
AMTM,"Amentum Holdings, Inc.",N,5824501045,1097,2026-08-07
RSI,"Rush Street Interactive, Inc.",N,5812875819,1098,2026-08-07
VFC,V.F. Corporation,N,5798734908,1099,2026-08-07
AX,"Axos Financial, Inc.",N,5795406614,1100,2026-08-07
TXG,"10x Genomics, Inc.",NASDAQ,5789202218,1101,2026-08-07
MKTX,"MarketAxess Holdings, Inc.",NASDAQ,5779425847,1102,2026-08-07
SIGI,"Selective Insurance Group, Inc.",NASDAQ,5765099337,1103,2026-08-07
AMRX,"Amneal Pharmaceuticals, Inc.",NASDAQ,5764741851,1104,2026-08-07
CWST,"Casella Waste Systems, Inc.",NASDAQ,5754155263,1105,2026-08-07
ESAB,ESAB Corporation,N,5753930601,1106,2026-08-07
BCPC,Balchem Corporation,NASDAQ,5751432549,1107,2026-08-07
NXST,"Nexstar Media Group, Inc.",NASDAQ,5740409251,1108,2026-08-07
MIRM,"Mirum Pharmaceuticals, Inc.",NASDAQ,5739248179,1109,2026-08-07
DUOL,"Duolingo, Inc.",NASDAQ,5711384282,1110,2026-08-07
POR,Portland General Electric Co,N,5708679700,1111,2026-08-07
DLB,Dolby Laboratories,N,5706302991,1112,2026-08-07
MGY,Magnolia Oil & Gas Corporation,N,5693025294,1113,2026-08-07
GTX,Garrett Motion Inc.,NASDAQ,5682454325,1114,2026-08-07
CSW,"CSW Industrials, Inc.",N,5665571300,1115,2026-08-07
ROAD,"Construction Partners, Inc.",NASDAQ,5662519759,1116,2026-08-07
ALK,"Alaska Air Group, Inc.",N,5657162153,1117,2026-08-07
CAI,"Caris Life Sciences, Inc.",NASDAQ,5653613900,1118,2026-08-07
MMYT,MakeMyTrip Limited,NASDAQ,5648222653,1119,2026-08-07
SON,Sonoco Products Company,N,5642796421,1120,2026-08-07
HRI,Herc Holdings Inc.,N,5621162994,1121,2026-08-07
ACIW,"ACI Worldwide, Inc.",NASDAQ,5613751895,1122,2026-08-07
OBDC,Blue Owl Capital Corporation,N,5613214345,1123,2026-08-07
MWH,"SOLV Energy, Inc.",NASDAQ,5598260443,1124,2026-08-07
ADT,ADT Inc.,N,5588778247,1125,2026-08-07
WH,"Wyndham Hotels & Resorts, Inc.",N,5581418486,1126,2026-08-07
RITM,Rithm Capital Corp.,N,5550565888,1127,2026-08-07
REYN,Reynolds Consumer Products Inc.,NASDAQ,5541694917,1128,2026-08-07
SPHR,Sphere Entertainment Co.,N,5538955608,1129,2026-08-07
BKH,Black Hills Corporation,N,5538320585,1130,2026-08-07
ANDG,Andersen Group Inc.,N,5533686718,1131,2026-08-07
CVLT,"Commvault Systems, Inc.",NASDAQ,5527047055,1132,2026-08-07
NJR,NewJersey Resources Corporation,N,5526959019,1133,2026-08-07
BMA,Banco Macro S.A. ADR (representing Ten,N,5511544386,1134,2026-08-07
PSMT,"PriceSmart, Inc.",NASDAQ,5497030838,1135,2026-08-07
WHD,"Cactus, Inc.",N,5495497241,1136,2026-08-07
GOLF,Acushnet Holdings Corp.,N,5495297874,1137,2026-08-07
RGTI,"Rigetti Computing, Inc.",NASDAQ,5494552280,1138,2026-08-07
ELF,"e.l.f. Beauty, Inc.",N,5486954955,1139,2026-08-07
OUT,OUTFRONT Media Inc.,N,5484378337,1140,2026-08-07
ALH,Alliance Laundry Holdings Inc.,N,5469682276,1141,2026-08-07
WFG,West Fraser Timber Co. Ltd,N,5469521967,1142,2026-08-07
SXT,Sensient Technologies Corporation,N,5469321214,1143,2026-08-07
RELY,"Remitly Global, Inc.",NASDAQ,5459848778,1144,2026-08-07
NTSK,"Netskope, Inc.",NASDAQ,5444890789,1145,2026-08-07
HLNE,Hamilton Lane Incorporated,NASDAQ,5425091205,1146,2026-08-07
GXO,"GXO Logistics, Inc.",N,5408434169,1147,2026-08-07
VSNT,"Versant Media Group, Inc.",NASDAQ,5408054133,1148,2026-08-07
SHC,Sotera Health Company,NASDAQ,5392507857,1149,2026-08-07
RDNT,"RadNet, Inc.",NASDAQ,5359709526,1150,2026-08-07
KRG,Kite Realty Group Trust,N,5351266580,1151,2026-08-07
SBRA,"Sabra Health Care REIT, Inc.",NASDAQ,5341726228,1152,2026-08-07
CAKE,The Cheesecake Factory Incorporated,NASDAQ,5339813635,1153,2026-08-07
UEC,Uranium Energy Corp.,A,5324826658,1154,2026-08-07
LBRDA,Liberty Broadband Corporation,NASDAQ,5322330806,1155,2026-08-07
GVA,Granite Construction Incorporated,N,5321764416,1156,2026-08-07
EBC,"Eastern Bankshares, Inc.",NASDAQ,5318602708,1157,2026-08-07
LBRDK,Liberty Broadband Corporation,NASDAQ,5315155919,1158,2026-08-07
LPX,Louisiana-Pacific Corporation,N,5303443041,1159,2026-08-07
WTM,"White Mountains Insurance Group, Ltd.",N,5302773370,1160,2026-08-07
PIPR,Piper Sandler Companies,N,5285669508,1161,2026-08-07
MAIN,Main Street Capital Corporation,N,5280892900,1162,2026-08-07
BC,Brunswick Corporation,N,5279173088,1163,2026-08-07
MC,Moelis & Company,N,5266725586,1164,2026-08-07
EXLS,"ExlService Holdings, Inc.",NASDAQ,5254889215,1165,2026-08-07
SAIC,Science Applications International Corporation,NASDAQ,5254163065,1166,2026-08-07
PI,"Impinj, Inc.",NASDAQ,5252609139,1167,2026-08-07
BETA,"Beta Technologies, Inc.",N,5242776752,1168,2026-08-07
ENPH,"Enphase Energy, Inc.",NASDAQ,5242178186,1169,2026-08-07
OTF,Blue Owl Technology Finance Corp.,N,5241736171,1170,2026-08-07
PECO,"Phillips Edison & Company, Inc.",NASDAQ,5240664000,1171,2026-08-07
MMSI,"Merit Medical Systems, Inc.",NASDAQ,5236006730,1172,2026-08-07
ACMR,"ACM Research, Inc.",NASDAQ,5230440391,1173,2026-08-07
MTN,"Vail Resorts, Inc.",N,5227794599,1174,2026-08-07
UNF,Unifirst Corporation,N,5224517580,1175,2026-08-07
UFPI,"UFP Industries, Inc.",NASDAQ,5217638355,1176,2026-08-07
OCTV,Octave Intelligence plc,NASDAQ,5213061843,1177,2026-08-07
PEGA,Pegasystems Inc.,NASDAQ,5206704608,1178,2026-08-07
CNX,CNX Resources Corporation,N,5197259968,1179,2026-08-07
CMBT,CMB.TECH NV,N,5185193187,1180,2026-08-07
CNO,"CNO Financial Group, Inc.",N,5178974946,1181,2026-08-07
MMED,"MiniMed Group, Inc.",NASDAQ,5173125205,1182,2026-08-07
RNG,"RingCentral, Inc.",N,5162350935,1183,2026-08-07
MYRG,"MYR Group, Inc.",NASDAQ,5155367906,1184,2026-08-07
SLM,SLM Corporation,NASDAQ,5151626119,1185,2026-08-07
BB,BlackBerry Limited,N,5145619153,1186,2026-08-07
LAUR,"Laureate Education, Inc.",NASDAQ,5139428622,1187,2026-08-07
IRDM,Iridium Communications Inc,NASDAQ,5118946103,1188,2026-08-07
PSN,Parsons Corporation,N,5117046427,1189,2026-08-07
EQPT,EquipmentShare.com Inc,NASDAQ,5077786952,1190,2026-08-07
GHC,Graham Holdings Company,N,5061416548,1191,2026-08-07
PAY,"Paymentus Holdings, Inc.",N,5052698638,1192,2026-08-07
BDC,Belden Inc,N,5048511495,1193,2026-08-07
KGS,"Kodiak Gas Services, Inc.",N,5045940911,1194,2026-08-07
TPC,Tutor Perini Corporation,N,5038910106,1195,2026-08-07
BGC,"BGC Group, Inc.",NASDAQ,5034885255,1196,2026-08-07
VSH,"Vishay Intertechnology, Inc.",N,5027727693,1197,2026-08-07
SKY,"Champion Homes, Inc.",N,5023885518,1198,2026-08-07
TFSL,TFS Financial Corporation,NASDAQ,5008518038,1199,2026-08-07
KVYO,"Klaviyo, Inc. Series A",N,5006951271,1200,2026-08-07
OGS,"ONE Gas, Inc.",N,4997152877,1201,2026-08-07
XMTR,"Xometry, Inc.",NASDAQ,4992309973,1202,2026-08-07
CHH,"Choice Hotels International, Inc.",N,4992220447,1203,2026-08-07
ONDS,Ondas Inc,NASDAQ,4980565230,1204,2026-08-07
FFIN,"First Financial Bankshares, Inc.",NASDAQ,4974897768,1205,2026-08-07
BOOT,"Boot Barn Holdings, Inc.",N,4967925810,1206,2026-08-07
VNT,Vontier Corporation,N,4967424000,1207,2026-08-07
GNTX,Gentex Corporation,NASDAQ,4959485612,1208,2026-08-07
TREX,"Trex Company, Inc.",N,4933331152,1209,2026-08-07
GBTG,"Global Business Travel Group, Inc.",N,4925981567,1210,2026-08-07
AXTI,AXT Inc,NASDAQ,4917860741,1211,2026-08-07
HASI,"HA Sustainable Infrastructure Capital, Inc.",N,4911268857,1212,2026-08-07
CUZ,Cousins Properties Incorporated,N,4910079390,1213,2026-08-07
ANF,Abercrombie & Fitch Company,N,4908815321,1214,2026-08-07
OII,"Oceaneering International, Inc.",N,4901835016,1215,2026-08-07
CAR,"Avis Budget Group, Inc.",NASDAQ,4887318066,1216,2026-08-07
GFF,Griffon Corporation,N,4875622875,1217,2026-08-07
VRNS,"Varonis Systems, Inc.",NASDAQ,4874678983,1218,2026-08-07
SFBS,"ServisFirst Bancshares, Inc.",N,4873737299,1219,2026-08-07
ACAD,ACADIA Pharmaceuticals Inc.,NASDAQ,4871660502,1220,2026-08-07
EPAM,"EPAM Systems, Inc.",N,4862391055,1221,2026-08-07
NNI,"Nelnet, Inc.",N,4845703002,1222,2026-08-07
LIF,"Life360, Inc.",NASDAQ,4836781636,1223,2026-08-07
FELE,"Franklin Electric Co., Inc.",NASDAQ,4833639359,1224,2026-08-07
DYN,"Dyne Therapeutics, Inc.",NASDAQ,4832997634,1225,2026-08-07
INDV,"Indivior Pharmaceuticals, Inc.",NASDAQ,4824848939,1226,2026-08-07
RDN,Radian Group Inc.,N,4821680607,1227,2026-08-07
CE,Celanese Corporation,N,4819668589,1228,2026-08-07
TKC,Turkcell Iletisim Hizmetleri AS,N,4813600000,1229,2026-08-07
TBBB,BBB Foods Inc.,N,4793250250,1230,2026-08-07
MRP,"Millrose Properties, Inc.",N,4783840777,1231,2026-08-07
EWTX,"Edgewise Therapeutics, Inc.",NASDAQ,4779281327,1232,2026-08-07
SR,Spire Inc.,N,4779001465,1233,2026-08-07
KLIC,"Kulicke and Soffa Industries, Inc.",NASDAQ,4744498629,1234,2026-08-07
KBR,"KBR, Inc.",N,4736365555,1235,2026-08-07
MUR,Murphy Oil Corporation,N,4736269991,1236,2026-08-07
HCC,"Warrior Met Coal, Inc.",N,4732112014,1237,2026-08-07
FHI,"Federated Hermes, Inc.",N,4722262773,1238,2026-08-07
OLLI,"Ollie's Bargain Outlet Holdings, Inc.",NASDAQ,4713543177,1239,2026-08-07
MTH,Meritage Homes Corporation,N,4709479960,1240,2026-08-07
EPR,EPR Properties,N,4699191275,1241,2026-08-07
BILL,"BILL Holdings, Inc.",N,4681046169,1242,2026-08-07
DAVE,Dave Inc.,NASDAQ,4680210796,1243,2026-08-07
WSC,WillScot Holdings Corporation,NASDAQ,4673282612,1244,2026-08-07
IBOC,International Bancshares Corporation,NASDAQ,4670433237,1245,2026-08-07
CRC,California Resources Corporation,N,4668835895,1246,2026-08-07
FULT,Fulton Financial Corporation,NASDAQ,4663659498,1247,2026-08-07
BCO,Brinks Company (The),N,4647231161,1248,2026-08-07
HGTY,"Hagerty, Inc.",N,4631850883,1249,2026-08-07
BRC,Brady Corporation,N,4628360490,1250,2026-08-07
MRX,Marex Group Limited,NASDAQ,4621441059,1251,2026-08-07
OPLN,"OPENLANE, Inc.",N,4619640257,1252,2026-08-07
INSW,"International Seaways, Inc.",N,4614332714,1253,2026-08-07
CENX,Century Aluminum Company,NASDAQ,4547857460,1254,2026-08-07
CELC,Celcuity Inc.,NASDAQ,4547456356,1255,2026-08-07
VVV,Valvoline Inc.,N,4542835134,1256,2026-08-07
MANE,"Veradermics, Incorporated",N,4539254343,1257,2026-08-07
CNR,"Core Natural Resources, Inc.",N,4535676748,1258,2026-08-07
DIOD,Diodes Incorporated,NASDAQ,4535664140,1259,2026-08-07
CBT,Cabot Corporation,N,4520294663,1260,2026-08-07
SKT,Tanger Inc.,N,4516918461,1261,2026-08-07
NSIT,"Insight Enterprises, Inc.",NASDAQ,4506122377,1262,2026-08-07
NP,Neptune Insurance Holdings Inc.,N,4505362345,1263,2026-08-07
ITRI,"Itron, Inc.",NASDAQ,4502153943,1264,2026-08-07
FBP,First BanCorp. New,N,4495127269,1265,2026-08-07
WAY,Waystar Holding Corp.,NASDAQ,4481160482,1266,2026-08-07
NVST,Envista Holdings Corporation,N,4455490532,1267,2026-08-07
CHEF,"The Chefs' Warehouse, Inc.",NASDAQ,4452484499,1268,2026-08-07
ATMU,Atmus Filtration Technologies Inc.,N,4451964050,1269,2026-08-07
CVCO,"Cavco Industries, Inc.",NASDAQ,4445781554,1270,2026-08-07
BOX,"Box, Inc.",N,4409626926,1271,2026-08-07
SKYW,"SkyWest, Inc.",NASDAQ,4404685188,1272,2026-08-07
CNK,"Cinemark Holdings Inc Cinemark Holdings, Inc.",N,4398854897,1273,2026-08-07
SLGN,Silgan Holdings Inc.,N,4389937147,1274,2026-08-07
TGS,Transportadora de Gas del Sur SA TGS,N,4378058325,1275,2026-08-07
DLO,DLocal Limited,NASDAQ,4356144990,1276,2026-08-07
KTB,"Kontoor Brands, Inc.",N,4355461889,1277,2026-08-07
PRIM,Primoris Services Corporation,N,4352330886,1278,2026-08-07
CNS,Cohen & Steers Inc,N,4344091108,1279,2026-08-07
GPGI,"GPGI, Inc.",N,4342118274,1280,2026-08-07
MDU,"MDU Resources Group, Inc.",N,4338965058,1281,2026-08-07
KRC,Kilroy Realty Corporation,N,4335999073,1282,2026-08-07
TCBI,"Texas Capital Bancshares, Inc.",NASDAQ,4325047600,1283,2026-08-07
NWE,"NorthWestern Energy Group, Inc.",NASDAQ,4322859320,1284,2026-08-07
MIAX,"Miami International Holdings, Inc.",N,4314476130,1285,2026-08-07
EE,"Excelerate Energy, Inc.",N,4310709993,1286,2026-08-07
SITE,"SiteOne Landscape Supply, Inc.",N,4300929023,1287,2026-08-07
ITGR,Integer Holdings Corporation,N,4285377491,1288,2026-08-07
VAC,Marriott Vacations Worldwide Corporation,N,4284297234,1289,2026-08-07
CATY,Cathay General Bancorp,NASDAQ,4270830112,1290,2026-08-07
LASR,"nLIGHT, Inc.",NASDAQ,4255473007,1291,2026-08-07
WSFS,WSFS Financial Corporation,NASDAQ,4250437237,1292,2026-08-07
MWA,MUELLER WATER PRODUCTS,N,4238801530,1293,2026-08-07
PBLS,"Parabilis Medicines, Inc.",NASDAQ,4225150582,1294,2026-08-07
BFH,"Bread Financial Holdings, Inc.",N,4224198517,1295,2026-08-07
LAZ,"Lazard, Inc.",N,4221558779,1296,2026-08-07
BLLN,"BillionToOne, Inc.",NASDAQ,4215486109,1297,2026-08-07
MAT,"Mattel, Inc.",NASDAQ,4210794000,1298,2026-08-07
IRTC,"iRhythm Holdings, Inc.",NASDAQ,4210331713,1299,2026-08-07
MEOH,Methanex Corporation,NASDAQ,4207068622,1300,2026-08-07
KFY,Korn Ferry,N,4204348190,1301,2026-08-07
ACLS,"Axcelis Technologies, Inc.",NASDAQ,4200094364,1302,2026-08-07
TNGX,"Tango Therapeutics, Inc.",NASDAQ,4194791478,1303,2026-08-07
SEI,"Solaris Energy Infrastructure, Inc.",N,4192628793,1304,2026-08-07
LBTYB,Liberty Global Ltd.,NASDAQ,4191966186,1305,2026-08-07
BELFB,Bel Fuse Inc.,NASDAQ,4178776830,1306,2026-08-07
FCN,"FTI Consulting, Inc.",N,4165758320,1307,2026-08-07
RHI,Robert Half Inc.,N,4164079163,1308,2026-08-07
LIVN,LivaNova PLC,NASDAQ,4162863510,1309,2026-08-07
ICUI,"ICU Medical, Inc.",NASDAQ,4158182736,1310,2026-08-07
FA,First Advantage Corporation,NASDAQ,4137473574,1311,2026-08-07
LFST,"LifeStance Health Group, Inc.",NASDAQ,4134315045,1312,2026-08-07
GEF,Greif Inc.,N,4117290867,1313,2026-08-07
COLD,"Americold Realty Trust, Inc.",N,4114113270,1314,2026-08-07
SEB,Seaboard Corporation,A,4098400526,1315,2026-08-07
SXI,Standex International Corporation,N,4090361115,1316,2026-08-07
POST,"Post Holdings, Inc.",N,4089456935,1317,2026-08-07
DORM,"Dorman Products, Inc.",NASDAQ,4082771524,1318,2026-08-07
MNDY,monday.com Ltd.,NASDAQ,4068762370,1319,2026-08-07
PLNT,"Planet Fitness, Inc.",N,4068264610,1320,2026-08-07
MARA,"MARA Holdings, Inc.",NASDAQ,4060530857,1321,2026-08-07
BNL,"Broadstone Net Lease, Inc.",N,4060455266,1322,2026-08-07
TDW,Tidewater Inc.,N,4058615763,1323,2026-08-07
INDB,Independent Bank Corp.,NASDAQ,4058510698,1324,2026-08-07
HHH,Howard Hughes Holdings Inc.,N,4057453281,1325,2026-08-07
THO,"Thor Industries, Inc.",N,4043816735,1326,2026-08-07
LFTO,"Liftoff Mobile, Inc.",NASDAQ,4022406232,1327,2026-08-07
LMND,"Lemonade, Inc.",N,4013788454,1328,2026-08-07
OLED,Universal Display Corporation,NASDAQ,4010606354,1329,2026-08-07
CECO,CECO Environmental Corp.,NASDAQ,4009904520,1330,2026-08-07
CVBF,CVB Financial Corporation,NASDAQ,4007297501,1331,2026-08-07
IRT,"Independence Realty Trust, Inc.",N,4002942748,1332,2026-08-07
WSBC,"WesBanco, Inc.",NASDAQ,4002152748,1333,2026-08-07
PFSI,"PennyMac Financial Services, Inc.",N,4001310075,1334,2026-08-07
RNST,Renasant Corporation,N,3995382796,1335,2026-08-07
PVH,PVH Corp.,N,3990655363,1336,2026-08-07
BWIN,"The Baldwin Insurance Group, Inc.",NASDAQ,3989652352,1337,2026-08-07
PII,Polaris Inc.,N,3986660891,1338,2026-08-07
TENB,"Tenable Holdings, Inc.",NASDAQ,3983763185,1339,2026-08-07
CALM,"Cal-Maine Foods, Inc.",NASDAQ,3980914238,1340,2026-08-07
USAR,"USA Rare Earth, Inc.",NASDAQ,3978593822,1341,2026-08-07
BMI,"Badger Meter, Inc.",N,3976125803,1342,2026-08-07
CWEN,"Clearway Energy, Inc.",N,3974850000,1343,2026-08-07
ACHR,Archer Aviation Inc.,N,3972697587,1344,2026-08-07
ZGN,Ermenegildo Zegna N.V.,N,3971018340,1345,2026-08-07
SRAD,Sportradar Group AG,NASDAQ,3959318523,1346,2026-08-07
KAI,Kadant Inc,N,3951583724,1347,2026-08-07
QTWO,"Q2 Holdings, Inc.",N,3951417022,1348,2026-08-07
REZI,"Resideo Technologies, Inc.",N,3947682598,1349,2026-08-07
FRMI,Fermi Inc.,NASDAQ,3946584539,1350,2026-08-07
SYNA,Synaptics Incorporated,NASDAQ,3944907639,1351,2026-08-07
TAC,TransAlta Corporation,N,3943680000,1352,2026-08-07
YETI,"YETI Holdings, Inc.",N,3930341797,1353,2026-08-07
DNLI,Denali Therapeutics Inc.,NASDAQ,3924891796,1354,2026-08-07
AVNT,Avient Corporation,N,3911438623,1355,2026-08-07
OSIS,"OSI Systems, Inc.",NASDAQ,3908093219,1356,2026-08-07
CON,"Concentra Group Holdings Parent, Inc.",N,3907952761,1357,2026-08-07
PTRN,Pattern Group Inc. - Series A,NASDAQ,3906971818,1358,2026-08-07
OTTR,Otter Tail Corporation,NASDAQ,3906625158,1359,2026-08-07
PDI,PIMCO Dynamic Income Fund,N,3904025400,1360,2026-08-07
VKTX,"Viking Therapeutics, Inc.",NASDAQ,3884542802,1361,2026-08-07
CRK,"Comstock Resources, Inc.",N,3878727439,1362,2026-08-07
SLG,SL Green Realty Corp,N,3877706813,1363,2026-08-07
CSTM,Constellium SE,N,3877448298,1364,2026-08-07
ABG,Asbury Automotive Group Inc,N,3877434553,1365,2026-08-07
LOPE,"Grand Canyon Education, Inc.",NASDAQ,3876913603,1366,2026-08-07
FG,"F&G Annuities & Life, Inc.",N,3865912008,1367,2026-08-07
HAE,Haemonetics Corporation,N,3863817475,1368,2026-08-07
CLBT,Cellebrite DI Ltd.,NASDAQ,3856339571,1369,2026-08-07
FLY,Firefly Aerospace Inc.,NASDAQ,3855259321,1370,2026-08-07
BULL,Webull Corporation,NASDAQ,3839730761,1371,2026-08-07
JOE,St. Joe Company (The),N,3835973788,1372,2026-08-07
PTEN,"Patterson-UTI Energy, Inc.",NASDAQ,3832917984,1373,2026-08-07
KNF,Knife Riv Holding Co.,N,3832098484,1374,2026-08-07
CCC,CCC Intelligent Solutions Holdings Inc.,NASDAQ,3828465576,1375,2026-08-07
IPAR,"Interparfums, Inc.",NASDAQ,3811067939,1376,2026-08-07
BANF,BancFirst Corporation,NASDAQ,3806345239,1377,2026-08-07
RLAY,"Relay Therapeutics, Inc.",NASDAQ,3783826759,1378,2026-08-07
DOCS,"Doximity, Inc.",N,3778136491,1379,2026-08-07
ADPT,Adaptive Biotechnologies Corporation,NASDAQ,3766461871,1380,2026-08-07
UCTT,"Ultra Clean Holdings, Inc.",NASDAQ,3764332191,1381,2026-08-07
COCO,"The Vita Coco Company, Inc.",NASDAQ,3763471976,1382,2026-08-07
CRGY,Crescent Energy Company,N,3743473876,1383,2026-08-07
MIR,"Mirion Technologies, Inc.",N,3740545458,1384,2026-08-07
PRK,Park National Corporation,A,3719108211,1385,2026-08-07
GNW,Genworth Financial Inc,N,3719019876,1386,2026-08-07
MCHB,Mechanics Bancorp,NASDAQ,3717324133,1387,2026-08-07
MHO,"M/I Homes, Inc.",N,3712307442,1388,2026-08-07
VCYT,"Veracyte, Inc.",NASDAQ,3710032236,1389,2026-08-07
HP,"Helmerich & Payne, Inc.",N,3704440391,1390,2026-08-07
IPGP,IPG Photonics Corporation,NASDAQ,3687744531,1391,2026-08-07
BLSH,Bullish,N,3678133755,1392,2026-08-07
LBTYA,Liberty Global Ltd.,NASDAQ,3676923961,1393,2026-08-07
AMBA,"Ambarella, Inc.",NASDAQ,3675715221,1394,2026-08-07
ELVN,"Enliven Therapeutics, Inc.",NASDAQ,3670741095,1395,2026-08-07
CII,"BlackRock Enhanced Large Cap Core Fund, Inc.",N,3664019661,1396,2026-08-07
AGO,Assured Guaranty Ltd.,N,3656403052,1397,2026-08-07
NHI,"National Health Investors, Inc.",N,3653749935,1398,2026-08-07
CLMT,"Calumet, Inc",NASDAQ,3649722516,1399,2026-08-07
NIC,Nicolet Bankshares Inc.,N,3644301936,1400,2026-08-07
AADX,"Applied Aerospace & Defense, Inc.",N,3630007193,1401,2026-08-07
MSGE,Madison Square Garden Entertainment Corp.,N,3626892291,1402,2026-08-07
PLMR,"Palomar Holdings, Inc.",NASDAQ,3626259630,1403,2026-08-07
SMG,Scotts Miracle-Gro Company (The),N,3610771010,1404,2026-08-07
HGV,Hilton Grand Vacations Inc.,N,3609509294,1405,2026-08-07
DK,"Delek US Holdings, Inc.",N,3596965840,1406,2026-08-07
LBTYK,Liberty Global Ltd.,NASDAQ,3578008567,1407,2026-08-07
LXP,LXP Industrial Trust,N,3569862335,1408,2026-08-07
FIBK,"First Interstate BancSystem, Inc.",NASDAQ,3566298394,1409,2026-08-07
RCUS,"Arcus Biosciences, Inc.",N,3563153679,1410,2026-08-07
OGN,Organon & Co.,N,3558357817,1411,2026-08-07
RH,RH,N,3552815143,1412,2026-08-07
FSLY,"Fastly, Inc.",NASDAQ,3549420000,1413,2026-08-07
FFBC,First Financial Bancorp.,NASDAQ,3544514254,1414,2026-08-07
ALMS,Alumis Inc.,NASDAQ,3544277044,1415,2026-08-07
HG,"Hamilton Insurance Group, Ltd.",N,3543722509,1416,2026-08-07
OPCH,"Option Care Health, Inc.",NASDAQ,3539425292,1417,2026-08-07
SHOO,"Steven Madden, Ltd.",NASDAQ,3531526605,1418,2026-08-07
HNI,HNI Corporation,N,3528968202,1419,2026-08-07
LEU,Centrus Energy Corp.,N,3502347516,1420,2026-08-07
IDYA,"IDEAYA Biosciences, Inc.",NASDAQ,3496778900,1421,2026-08-07
KBH,KB Home,N,3491589010,1422,2026-08-07
APAM,Artisan Partners Asset Management Inc.,N,3490178400,1423,2026-08-07
MGNI,"Magnite, Inc.",NASDAQ,3482988873,1424,2026-08-07
LRN,"Stride, Inc.",N,3481414080,1425,2026-08-07
HIW,"Highwoods Properties, Inc.",N,3472439522,1426,2026-08-07
SMR,NuScale Power Corporation,N,3461106547,1427,2026-08-07
PARR,"Par Pacific Holdings, Inc.",N,3456946456,1428,2026-08-07
NIQ,NIQ Global Intelligence plc,N,3444241111,1429,2026-08-07
FOUR,"Shift4 Payments, Inc.",N,3439702145,1430,2026-08-07
NATL,NCR Atleos Corporation,N,3433712683,1431,2026-08-07
BKD,Brookdale Senior Living Inc.,N,3429021471,1432,2026-08-07
NHC,National HealthCare Corporation,A,3427730217,1433,2026-08-07
QS,QuantumScape Corporation,NASDAQ,3423697694,1434,2026-08-07
SFNC,Simmons First National Corporation,NASDAQ,3416262122,1435,2026-08-07
KEN,Kenon Holdings Ltd.,N,3410494584,1436,2026-08-07
CURB,Curbline Properties Corp.,N,3403975160,1437,2026-08-07
NAN,Nuveen New York Quality Municipal Income Fund,N,3385936960,1438,2026-08-07
WK,Workiva Inc.,N,3376543080,1439,2026-08-07
BATRA,"Atlanta Braves Holdings, Inc. - Series A",NASDAQ,3373964985,1440,2026-08-07
KN,Knowles Corporation,N,3364312741,1441,2026-08-07
BELFA,Bel Fuse Inc.,NASDAQ,3359338043,1442,2026-08-07
AWR,American States Water Company,N,3357634583,1443,2026-08-07
FHB,"First Hawaiian, Inc.",NASDAQ,3354735079,1444,2026-08-07
WIX,Wix.com Ltd.,NASDAQ,3351288939,1445,2026-08-07
OPEN,Opendoor Technologies Inc,NASDAQ,3345408667,1446,2026-08-07
SBCF,Seacoast Banking Corporation of Florida,NASDAQ,3343291249,1447,2026-08-07
RXO,"RXO, Inc.",N,3337987115,1448,2026-08-07
STUB,"StubHub Holdings, Inc.",N,3333883233,1449,2026-08-07
FSK,FS KKR Capital Corp.,N,3327189224,1450,2026-08-07
HAYW,"Hayward Holdings, Inc.",N,3323913850,1451,2026-08-07
ASH,Ashland Inc.,N,3318187590,1452,2026-08-07
NMIH,NMI Holdings Inc,NASDAQ,3313346337,1453,2026-08-07
WRBY,Warby Parker Inc.,N,3308402763,1454,2026-08-07
ARQT,"Arcutis Biotherapeutics, Inc.",NASDAQ,3305953575,1455,2026-08-07
POWI,"Power Integrations, Inc.",NASDAQ,3286364656,1456,2026-08-07
WT,"WisdomTree, Inc.",N,3285178415,1457,2026-08-07
CARG,"CarGurus, Inc.",NASDAQ,3281006625,1458,2026-08-07
FRPT,"Freshpet, Inc.",NASDAQ,3279298443,1459,2026-08-07
CLSK,"CleanSpark, Inc.",NASDAQ,3271759727,1460,2026-08-07
ATRO,Astronics Corporation,NASDAQ,3270362006,1461,2026-08-07
LBRT,Liberty Energy Inc.,N,3270355977,1462,2026-08-07
AAMI,Acadian Asset Management Inc.,N,3262190141,1463,2026-08-07
CLDX,"Celldex Therapeutics, Inc.",NASDAQ,3262130512,1464,2026-08-07
LUNR,"Intuitive Machines, Inc.",NASDAQ,3254465258,1465,2026-08-07
AEHR,Aehr Test Systems,NASDAQ,3253563683,1466,2026-08-07
NVTS,Navitas Semiconductor Corporation,NASDAQ,3237559251,1467,2026-08-07
NAMS,NewAmsterdam Pharma Company N.V.,NASDAQ,3234733099,1468,2026-08-07
GPI,"Group 1 Automotive, Inc.",N,3228776975,1469,2026-08-07
PFS,"Provident Financial Services, Inc",N,3225263753,1470,2026-08-07
UUUU,Energy Fuels Inc,A,3223284300,1471,2026-08-07
AVA,Avista Corporation,N,3217783729,1472,2026-08-07
EXPO,"Exponent, Inc.",NASDAQ,3211954956,1473,2026-08-07
CPK,Chesapeake Utilities Corporation,N,3204635594,1474,2026-08-07
PPLI,People Incorporated,NASDAQ,3197480940,1475,2026-08-07
MBX,"MBX Biosciences, Inc.",NASDAQ,3194270641,1476,2026-08-07
HTGC,"Hercules Capital, Inc.",N,3191146200,1477,2026-08-07
CXW,"CoreCivic, Inc.",N,3188163950,1478,2026-08-07
CRVL,CorVel Corp.,NASDAQ,3185515735,1479,2026-08-07
FUL,H. B. Fuller Company,N,3182601109,1480,2026-08-07
EXTR,"Extreme Networks, Inc.",NASDAQ,3180523100,1481,2026-08-07
DX,"Dynex Capital, Inc.",N,3179018207,1482,2026-08-07
ZIM,ZIM Integrated Shipping Services Ltd.,N,3177890653,1483,2026-08-07
WING,Wingstop Inc.,NASDAQ,3177025715,1484,2026-08-07
ATKR,Atkore Inc.,N,3163137033,1485,2026-08-07
CVI,CVR Energy Inc.,N,3153644891,1486,2026-08-07
BRZE,"Braze, Inc.",NASDAQ,3151526632,1487,2026-08-07
VECO,Veeco Instruments Inc.,NASDAQ,3149938161,1488,2026-08-07
QURE,uniQure N.V.,NASDAQ,3146460448,1489,2026-08-07
BATRK,"Atlanta Braves Holdings, Inc. - Series C",NASDAQ,3130859903,1490,2026-08-07
DGII,Digi International Inc.,NASDAQ,3129659539,1491,2026-08-07
CXT,"Crane NXT, Co.",N,3127427646,1492,2026-08-07
ADEA,Adeia Inc.,NASDAQ,3122416034,1493,2026-08-07
BOH,Bank of Hawaii Corporation,N,3117370292,1494,2026-08-07
CSQR,"Csquare, Inc.",N,3111265489,1495,2026-08-07
WDFC,WD-40 Company,NASDAQ,3102957395,1496,2026-08-07
CALY,Callaway Golf Company,N,3102512855,1497,2026-08-07
KD,"Kyndryl Holdings, Inc.",N,3085035740,1498,2026-08-07
DXPE,"DXP Enterprises, Inc.",NASDAQ,3073307892,1499,2026-08-07
GRBK,"Green Brick Partners, Inc.",N,3072684122,1500,2026-08-07
MMS,"Maximus, Inc.",N,3064679374,1501,2026-08-07
SOUN,"SoundHound AI, Inc.",NASDAQ,3064009016,1502,2026-08-07
TNET,"TriNet Group, Inc.",N,3063682214,1503,2026-08-07
OUST,"Ouster, Inc.",NASDAQ,3057641636,1504,2026-08-07
CWT,California Water Service Group,N,3056706762,1505,2026-08-07
GRND,Grindr Inc.,N,3048000506,1506,2026-08-07
FBK,FB Financial Corporation,N,3039670353,1507,2026-08-07
DCO,Ducommun Incorporated,N,3039136716,1508,2026-08-07
AGYS,"Agilysys, Inc.",NASDAQ,3034378673,1509,2026-08-07
VGNT,Versigent PLC,N,3033166047,1510,2026-08-07
MZTI,The Marzetti Company,NASDAQ,3024372380,1511,2026-08-07
FRSH,Freshworks Inc.,NASDAQ,3024071747,1512,2026-08-07
ARCB,ArcBest Corporation,NASDAQ,3023020629,1513,2026-08-07
BANC,"Banc of California, Inc.",N,3010217880,1514,2026-08-07
SHAK,"Shake Shack, Inc.",N,3004974035,1515,2026-08-07
AMBP,Ardagh Metal Packaging S.A.,N,3000451922,1516,2026-08-07
FIZZ,National Beverage Corp.,NASDAQ,2991842780,1517,2026-08-07
TRMD,TORM plc,NASDAQ,2988301529,1518,2026-08-07
TR,"Tootsie Roll Industries, Inc.",N,2988054445,1519,2026-08-07
MGRC,McGrath RentCorp,NASDAQ,2973824470,1520,2026-08-07
IRON,"Disc Medicine, Inc.",NASDAQ,2973141839,1521,2026-08-07
MGEE,MGE Energy Inc.,NASDAQ,2971756719,1522,2026-08-07
AEO,"American Eagle Outfitters, Inc.",N,2969399461,1523,2026-08-07
BHE,"Benchmark Electronics, Inc.",N,2958724881,1524,2026-08-07
DAN,Dana Incorporated,N,2956999297,1525,2026-08-07
CBZ,"CBIZ, Inc.",N,2956838767,1526,2026-08-07
TBBK,"The Bancorp, Inc.",NASDAQ,2945636559,1527,2026-08-07
CHRN,ChronoScale Holdings Corporation,NASDAQ,2940600206,1528,2026-08-07
BCC,"Boise Cascade, L.L.C.",N,2939945235,1529,2026-08-07
ASO,"Academy Sports and Outdoors, Inc.",NASDAQ,2936569867,1530,2026-08-07
COLM,Columbia Sportswear Company,NASDAQ,2929344566,1531,2026-08-07
IMNM,"Immunome, Inc.",NASDAQ,2924125173,1532,2026-08-07
NTCT,"NetScout Systems, Inc.",NASDAQ,2917523114,1533,2026-08-07
SKWD,"Skyward Specialty Insurance Group, Inc.",NASDAQ,2913741836,1534,2026-08-07
CENT,Central Garden & Pet Company,NASDAQ,2912044055,1535,2026-08-07
UPST,"Upstart Holdings, Inc.",NASDAQ,2891170597,1536,2026-08-07
PK,Park Hotels & Resorts Inc.,N,2889542332,1537,2026-08-07
PLUG,"Plug Power, Inc.",NASDAQ,2887793000,1538,2026-08-07
PENG,"Penguin Solutions, Inc.",NASDAQ,2882914246,1539,2026-08-07
KWR,Quaker Houghton,N,2879020622,1540,2026-08-07
BTU,Peabody Energy Corporation,N,2865536362,1541,2026-08-07
WTTR,"Select Water Solutions, Inc.",N,2861393354,1542,2026-08-07
ACHC,"Acadia Healthcare Company, Inc.",NASDAQ,2860040448,1543,2026-08-07
ETOR,eToro Group Ltd.,NASDAQ,2857783895,1544,2026-08-07
PATK,"Patrick Industries, Inc.",NASDAQ,2845592722,1545,2026-08-07
AKR,Acadia Realty Trust,N,2844160673,1546,2026-08-07
ABM,ABM Industries Incorporated,N,2844103812,1547,2026-08-07
XXI,"Twenty One Capital, Inc.",N,2841196594,1548,2026-08-07
KOD,Kodiak Sciences Inc,NASDAQ,2841061221,1549,2026-08-07
DNN,Denison Mines Corp,A,2832703091,1550,2026-08-07
HUBG,"Hub Group, Inc.",NASDAQ,2827126767,1551,2026-08-07
RDW,Redwire Corporation,N,2825303831,1552,2026-08-07
TOWN,Towne Bank,NASDAQ,2815311861,1553,2026-08-07
BEAM,Beam Therapeutics Inc.,NASDAQ,2814588871,1554,2026-08-07
TARS,"Tarsus Pharmaceuticals, Inc.",NASDAQ,2810755241,1555,2026-08-07
DNOW,DNOW Inc.,N,2809382694,1556,2026-08-07
TRMK,Trustmark Corporation,NASDAQ,2807791757,1557,2026-08-07
WHR,Whirlpool Corporation,N,2803573254,1558,2026-08-07
INTA,"Intapp, Inc.",NASDAQ,2801959594,1559,2026-08-07
KALU,Kaiser Aluminum Corporation,NASDAQ,2795367750,1560,2026-08-07
ALRM,"Alarm.com Holdings, Inc.",NASDAQ,2784136217,1561,2026-08-07
TMDX,"TransMedics Group, Inc.",NASDAQ,2781293380,1562,2026-08-07
ALHC,"Alignment Healthcare, Inc.",NASDAQ,2775482294,1563,2026-08-07
CUBI,"Customers Bancorp, Inc",N,2775348470,1564,2026-08-07
IOVA,"Iovance Biotherapeutics, Inc.",NASDAQ,2772779879,1565,2026-08-07
WAFD,"WaFd, Inc.",NASDAQ,2772601568,1566,2026-08-07
PRVA,"Privia Health Group, Inc.",NASDAQ,2772272228,1567,2026-08-07
IHS,IHS Holding Limited,N,2764694869,1568,2026-08-07
TDTH,Trident Digital Tech Holdings Ltd,NASDAQ,2763362586,1569,2026-08-07
WLYB,"John Wiley & Sons, Inc.",N,2755272069,1570,2026-08-07
VC,Visteon Corporation,NASDAQ,2754968273,1571,2026-08-07
NBTB,NBT Bancorp Inc.,NASDAQ,2751861375,1572,2026-08-07
MPT,"Medical Properties Trust, Inc.",N,2751260000,1573,2026-08-07
LCID,"Lucid Group, Inc.",NASDAQ,2750609828,1574,2026-08-07
FCPT,"Four Corners Property Trust, Inc.",N,2750495534,1575,2026-08-07
PHIN,PHINIA Inc.,N,2743826410,1576,2026-08-07
DJT,Trump Media & Technology Group Corp.,NASDAQ,2739073359,1577,2026-08-07
EEFT,"Euronet Worldwide, Inc.",NASDAQ,2733080687,1578,2026-08-07
UAA,"Under Armour, Inc.",N,2728479309,1579,2026-08-07
IMAX,Imax Corporation,N,2727298329,1580,2026-08-07
GCMG,GCM Grosvenor Inc.,NASDAQ,2723620466,1581,2026-08-07
WLY,"John Wiley & Sons, Inc.",N,2723293046,1582,2026-08-07
GRAL,"GRAIL, Inc.",NASDAQ,2720911996,1583,2026-08-07
PAGS,PagSeguro Digital Ltd.,N,2720743356,1584,2026-08-07
HLIO,"Helios Technologies, Inc.",N,2720376191,1585,2026-08-07
SUPN,"Supernus Pharmaceuticals, Inc.",NASDAQ,2718019128,1586,2026-08-07
HWKN,"Hawkins, Inc.",NASDAQ,2714391464,1587,2026-08-07
AVPT,"AvePoint, Inc.",NASDAQ,2711699937,1588,2026-08-07
HOG,"Harley-Davidson, Inc.",N,2705395361,1589,2026-08-07
RUM,RUM Group Inc.,NASDAQ,2702447252,1590,2026-08-07
RGC,Regencell Bioscience Holdings Limited,NASDAQ,2699909438,1591,2026-08-07
STNE,StoneCo Ltd. - Class A Common Share,NASDAQ,2694968744,1592,2026-08-07
PENN,"PENN Entertainment, Inc.",NASDAQ,2694267058,1593,2026-08-07
AMLX,"Amylyx Pharmaceuticals, Inc.",NASDAQ,2689597008,1594,2026-08-07
FRME,First Merchants Corporation,NASDAQ,2687900904,1595,2026-08-07
CDNL,Cardinal Infrastructure Group Inc.,NASDAQ,2684322711,1596,2026-08-07
SAH,"Sonic Automotive, Inc.",N,2683780542,1597,2026-08-07
ARX,Accelerant Holdings,N,2681694469,1598,2026-08-07
UA,"Under Armour, Inc.",N,2673057073,1599,2026-08-07
NMRK,"Newmark Group, Inc.",NASDAQ,2664691032,1600,2026-08-07
NGVT,Ingevity Corporation,N,2658788487,1601,2026-08-07
FBNC,First Bancorp,NASDAQ,2656301515,1602,2026-08-07
VVX,"V2X, Inc.",N,2650876926,1603,2026-08-07
BBT,Beacon Financial Corporation,N,2648588318,1604,2026-08-07
PLSE,"Pulse Biosciences, Inc",NASDAQ,2646579387,1605,2026-08-07
ATAI,AtaiBeckley Inc.,NASDAQ,2643436719,1606,2026-08-07
XRAY,DENTSPLY SIRONA Inc.,NASDAQ,2638302415,1607,2026-08-07
IOND,Ionic Digital Inc.,NASDAQ,2634641694,1608,2026-08-07
BUSE,First Busey Corporation,NASDAQ,2629503904,1609,2026-08-07
TRVI,"Trevi Therapeutics, Inc.",NASDAQ,2626624598,1610,2026-08-07
BKV,BKV Corporation,N,2625278664,1611,2026-08-07
NRIX,"Nurix Therapeutics, Inc.",NASDAQ,2617374045,1612,2026-08-07
EXK,Endeavour Silver Corporation,N,2614287522,1613,2026-08-07
SYBT,"Stock Yards Bancorp, Inc.",NASDAQ,2607423347,1614,2026-08-07
DAC,Danaos Corporation,N,2605827446,1615,2026-08-07
IVT,InvenTrust Properties Corp.,N,2596681752,1616,2026-08-07
SPSC,"SPS Commerce, Inc.",NASDAQ,2590932523,1617,2026-08-07
HTO,H2O America,NASDAQ,2585913351,1618,2026-08-07
DRH,Diamondrock Hospitality Company,NASDAQ,2585192779,1619,2026-08-07
KMT,Kennametal Inc.,N,2579711987,1620,2026-08-07
PBH,Prestige Consumer Healthcare Inc.,N,2578466995,1621,2026-08-07
MAN,ManpowerGroup,N,2573716306,1622,2026-08-07
AGM,Federal Agricultural Mortgage Corporation,N,2571342513,1623,2026-08-07
NWL,Newell Brands Inc.,NASDAQ,2563918000,1624,2026-08-07
BTDR,Bitdeer Technologies Group,NASDAQ,2559659630,1625,2026-08-07
NYAX,Nayax Ltd.,NASDAQ,2550501035,1626,2026-08-07
RARE,Ultragenyx Pharmaceutical Inc.,NASDAQ,2542991764,1627,2026-08-07
CENTA,Central Garden & Pet Company,NASDAQ,2540373627,1628,2026-08-07
TDC,Teradata Corporation,N,2535995000,1629,2026-08-07
DBD,Diebold Nixdorf Incorporated,N,2531057601,1630,2026-08-07
INTR,Inter & Co. Inc.,NASDAQ,2524359912,1631,2026-08-07
CTOS,"Custom Truck One Source, Inc.",N,2516211217,1632,2026-08-07
GRDN,"Guardian Pharmacy Services, Inc.",N,2499265424,1633,2026-08-07
SIND,Sinda Ltd.,N,2494286273,1634,2026-08-07
SLDE,"Slide Insurance Holdings, Inc.",NASDAQ,2491593966,1635,2026-08-07
ECO,Okeanis Eco Tankers Corp.,N,2490268096,1636,2026-08-07
MBIN,Merchants Bancorp,NASDAQ,2483268156,1637,2026-08-07
NKTR,Nektar Therapeutics,NASDAQ,2481584050,1638,2026-08-07
NTB,Bank of N.T. Butterfield & Son Limited (The) Voting,N,2480000000,1639,2026-08-07
PGEN,"Precigen, Inc.",NASDAQ,2474023557,1640,2026-08-07
TRN,"Trinity Industries, Inc.",N,2467363981,1641,2026-08-07
NEOG,Neogen Corporation,NASDAQ,2464032981,1642,2026-08-07
PBI,Pitney Bowes Inc.,N,2460769305,1643,2026-08-07
NVA,Nova Minerals Corp,A,2458103706,1644,2026-08-07
CLOV,"Clover Health Investments, Corp.",NASDAQ,2454348950,1645,2026-08-07
COHU,"Cohu, Inc.",NASDAQ,2451657445,1646,2026-08-07
AVEX,AEVEX Corp.,N,2450756133,1647,2026-08-07
ICHR,Ichor Holdings,NASDAQ,2446884781,1648,2026-08-07
KLRA,"Kailera Therapeutics, Inc.",NASDAQ,2444903023,1649,2026-08-07
COAG,"Hemab Therapeutics Holdings, Inc.",NASDAQ,2436154186,1650,2026-08-07
FLNC,"Fluence Energy, Inc.",NASDAQ,2434342591,1651,2026-08-07
INFQ,"Infleqtion, Inc.",N,2424167459,1652,2026-08-07
HAWK,"HawkEye 360, Inc.",N,2420590834,1653,2026-08-07
UFPT,"UFP Technologies, Inc.",NASDAQ,2412919166,1654,2026-08-07
EFSC,Enterprise Financial Services Corporation,NASDAQ,2402459478,1655,2026-08-07
PHVS,Pharvaris N.V.,NASDAQ,2400009306,1656,2026-08-07
BANR,Banner Corporation,NASDAQ,2395596235,1657,2026-08-07
COTY,Coty Inc.,N,2394868711,1658,2026-08-07
ROG,Rogers Corporation,N,2389532440,1659,2026-08-07
HURN,Huron Consulting Group Inc.,NASDAQ,2388101807,1660,2026-08-07
LCLN,"Lincoln International, Inc.",N,2387419970,1661,2026-08-07
AXGN,"Axogen, Inc.",NASDAQ,2384323102,1662,2026-08-07
PTON,"Peloton Interactive, Inc.",NASDAQ,2383620547,1663,2026-08-07
PAYO,Payoneer Global Inc.,NASDAQ,2380276301,1664,2026-08-07
GSHD,"Goosehead Insurance, Inc.",NASDAQ,2367490227,1665,2026-08-07
PGNY,"Progyny, Inc.",NASDAQ,2366420898,1666,2026-08-07
BCRX,"BioCryst Pharmaceuticals, Inc.",NASDAQ,2363712738,1667,2026-08-07
CALX,"Calix, Inc",N,2359890308,1668,2026-08-07
BOBS,"Bob's Discount Furniture, Inc.",N,2359132397,1669,2026-08-07
PLUS,ePlus inc.,NASDAQ,2357269266,1670,2026-08-07
BKE,"Buckle, Inc. (The)",N,2355406892,1671,2026-08-07
TALO,"Talos Energy, Inc.",N,2350315517,1672,2026-08-07
HTFL,"Heartflow, Inc.",NASDAQ,2344888113,1673,2026-08-07
MTX,Minerals Technologies Inc.,N,2344618354,1674,2026-08-07
LIME,"Neutron Holdings, Inc.",NASDAQ,2340788220,1675,2026-08-07
CMPR,Cimpress plc,NASDAQ,2338639006,1676,2026-08-07
VOYG,"Voyager Technologies, Inc.",N,2338023289,1677,2026-08-07
ADMA,ADMA Biologics Inc,NASDAQ,2337182287,1678,2026-08-07
JBLU,JetBlue Airways Corporation,NASDAQ,2335562400,1679,2026-08-07
BXMT,"Blackstone Mortgage Trust, Inc.",N,2332643299,1680,2026-08-07
VRDN,"Viridian Therapeutics, Inc.",NASDAQ,2320212397,1681,2026-08-07
CDNA,"CareDx, Inc.",NASDAQ,2318210533,1682,2026-08-07
HCI,"HCI Group, Inc.",N,2309026119,1683,2026-08-07
ANDE,"The Andersons, Inc.",NASDAQ,2308639982,1684,2026-08-07
KEEL,Keel Infrastructure Corp.,NASDAQ,2302891343,1685,2026-08-07
VERA,"Vera Therapeutics, Inc.",NASDAQ,2298488586,1686,2026-08-07
AMC,"AMC Entertainment Holdings, Inc.",N,2293993920,1687,2026-08-07
VCEL,Vericel Corporation,NASDAQ,2291495977,1688,2026-08-07
NWBI,"Northwest Bancshares, Inc.",NASDAQ,2289824288,1689,2026-08-07
EROC,"ERock, Inc.",N,2281166421,1690,2026-08-07
VISN,"Vistance Networks, Inc.",NASDAQ,2278253273,1691,2026-08-07
HAPN,"Happen, Inc.",NASDAQ,2274681115,1692,2026-08-07
RAMP,"LiveRamp Holdings, Inc.",N,2272523092,1693,2026-08-07
CC,Chemours Company (The),N,2272207183,1694,2026-08-07
HRMY,"Harmony Biosciences Holdings, Inc.",NASDAQ,2256660229,1695,2026-08-07
CTRI,"Centuri Holdings, Inc.",N,2256524235,1696,2026-08-07
IOSP,Innospec Inc.,NASDAQ,2254479732,1697,2026-08-07
PLPC,Preformed Line Products Company,NASDAQ,2252468986,1698,2026-08-07
SION,"Sionna Therapeutics, Inc.",NASDAQ,2239907871,1699,2026-08-07
RUN,Sunrun Inc.,NASDAQ,2237592312,1700,2026-08-07
LIND,Lindblad Expeditions Holdings Inc.,NASDAQ,2235662804,1701,2026-08-07
OFG,OFG Bancorp,N,2235046300,1702,2026-08-07
GRC,Gorman-Rupp Company (The),N,2233778353,1703,2026-08-07
WU,Western Union Company (The),N,2233053504,1704,2026-08-07
APPN,Appian Corporation,NASDAQ,2232462569,1705,2026-08-07
PVLA,"Palvella Therapeutics, Inc.",NASDAQ,2232294497,1706,2026-08-07
STGW,Stagwell Inc.,NASDAQ,2229616113,1707,2026-08-07
MLYS,"Mineralys Therapeutics, Inc.",NASDAQ,2226623746,1708,2026-08-07
URGN,UroGen Pharma Ltd.,NASDAQ,2221709566,1709,2026-08-07
ADUS,Addus HomeCare Corporation,NASDAQ,2218133354,1710,2026-08-07
HYMC,Hycroft Mining Holding Corporation,NASDAQ,2217724008,1711,2026-08-07
RAPP,"Rapport Therapeutics, Inc.",NASDAQ,2216778159,1712,2026-08-07
FLYW,Flywire Corporation - Voting,NASDAQ,2212110992,1713,2026-08-07
WERN,"Werner Enterprises, Inc.",NASDAQ,2210360740,1714,2026-08-07
BHC,Bausch Health Companies Inc.,N,2210284216,1715,2026-08-07
BFLY,"Butterfly Network, Inc.",N,2210167019,1716,2026-08-07
MH,"McGraw Hill, Inc.",N,2209239740,1717,2026-08-07
CCU,"Compania Cervecerias Unidas, S.A.",N,2207779660,1718,2026-08-07
MCRI,"Monarch Casino & Resort, Inc.",NASDAQ,2188339814,1719,2026-08-07
CNXN,"PC Connection, Inc.",NASDAQ,2185619373,1720,2026-08-07
HMN,Horace Mann Educators Corporation,N,2185429029,1721,2026-08-07
FCF,First Commonwealth Financial Corporation,N,2181131560,1722,2026-08-07
SLS,"SELLAS Life Sciences Group, Inc.",NASDAQ,2176581116,1723,2026-08-07
SSMR,Sunshine Silver Mining & Refining Company,N,2173166755,1724,2026-08-07
BLX,"Bladex, Inc.",N,2172841529,1725,2026-08-07
FIVN,"Five9, Inc.",NASDAQ,2172120340,1726,2026-08-07
PLBL,Polibeli Group Ltd,NASDAQ,2169013822,1727,2026-08-07
HE,"Hawaiian Electric Industries, Inc.",N,2156218944,1728,2026-08-07
MD,"Pediatrix Medical Group, Inc.",N,2154024214,1729,2026-08-07
SRCE,1st Source Corporation,NASDAQ,2151470335,1730,2026-08-07
INVX,"Innovex International, Inc.",N,2147029889,1731,2026-08-07
NOG,"Northern Oil and Gas, Inc.",N,2145443974,1732,2026-08-07
INOD,Innodata Inc.,NASDAQ,2138272842,1733,2026-08-07
DRVN,Driven Brands Holdings Inc.,NASDAQ,2137829293,1734,2026-08-07
NWN,Northwest Natural Holding Company,N,2136419471,1735,2026-08-07
OLN,Olin Corporation,N,2136031863,1736,2026-08-07
NTST,NetSTREIT Corp.,N,2135133798,1737,2026-08-07
NUVB,Nuvation Bio Inc.,N,2127514043,1738,2026-08-07
MFP,"Midera Food Processing, Inc.",NASDAQ,2111759100,1739,2026-08-07
ALKT,"Alkami Technology, Inc.",NASDAQ,2105687586,1740,2026-08-07
BLKB,"Blackbaud, Inc.",NASDAQ,2104284897,1741,2026-08-07
PRLB,"Proto Labs, Inc.",N,2102973965,1742,2026-08-07
GHRS,GH Research PLC,NASDAQ,2100591811,1743,2026-08-07
ECPG,Encore Capital Group Inc,NASDAQ,2098587527,1744,2026-08-07
KSS,Kohl's Corporation,N,2092229871,1745,2026-08-07
BLBD,Blue Bird Corporation,NASDAQ,2088991340,1746,2026-08-07
STC,Stewart Information Services Corporation,N,2088328856,1747,2026-08-07
NCNO,"nCino, Inc.",NASDAQ,2080410521,1748,2026-08-07
WGS,GeneDx Holdings Corp.,NASDAQ,2075350628,1749,2026-08-07
STOK,"Stoke Therapeutics, Inc.",NASDAQ,2060322907,1750,2026-08-07
GTY,Getty Realty Corporation,N,2059262242,1751,2026-08-07
CHCO,City Holding Company,NASDAQ,2049505750,1752,2026-08-07
NN,NextNav Inc.,NASDAQ,2046554085,1753,2026-08-07
TILE,"Interface, Inc.",NASDAQ,2037772339,1754,2026-08-07
UTZ,Utz Brands Inc,N,2037426624,1755,2026-08-07
PRCH,"Porch Group, Inc.",NASDAQ,2035486759,1756,2026-08-07
PRDO,Perdoceo Education Corporation,NASDAQ,2034716666,1757,2026-08-07
ZBIO,"Zenas BioPharma, Inc.",NASDAQ,2031000738,1758,2026-08-07
SPB,"Spectrum Brands Holdings, Inc.",N,2029591303,1759,2026-08-07
AVAH,Aveanna Healthcare Holdings Inc.,NASDAQ,2027300940,1760,2026-08-07
ALG,"Alamo Group, Inc.",N,2022449254,1761,2026-08-07
LTC,"LTC Properties, Inc.",N,2019108439,1762,2026-08-07
GENI,Genius Sports Limited,N,2014268878,1763,2026-08-07
ATRC,"AtriCure, Inc.",NASDAQ,2008709950,1764,2026-08-07
RVT,"Royce Small-Cap Trust, Inc.",N,2003676630,1765,2026-08-07
ASAN,"Asana, Inc.",N,2000825298,1766,2026-08-07
NEO,"NeoGenomics, Inc.",NASDAQ,1999077846,1767,2026-08-07
ADIG,ADI Global Distribution Inc.,N,1992256060,1768,2026-08-07
BXDC,Blackstone Digital Infrastructure Trust Inc.,N,1991861620,1769,2026-08-07
ATEN,"A10 Networks, Inc.",N,1987149630,1770,2026-08-07
SEDG,"SolarEdge Technologies, Inc.",NASDAQ,1986930659,1771,2026-08-07
QUBT,Quantum Computing Inc.,NASDAQ,1979069511,1772,2026-08-07
TGLS,Tecnoglass Holdings Inc.,N,1972903368,1773,2026-08-07
LOB,"Live Oak Bancshares, Inc.",N,1967516686,1774,2026-08-07
KARO,Karooooo Ltd.,NASDAQ,1966358545,1775,2026-08-07
NSP,"Insperity, Inc.",N,1957889540,1776,2026-08-07
ATEX,Anterix Inc.,NASDAQ,1956086811,1777,2026-08-07
TSAT,Telesat Corporation,NASDAQ,1955513656,1778,2026-08-07
RBCAA,"Republic Bancorp, Inc.",NASDAQ,1954318263,1779,2026-08-07
GCT,GigaCloud Technology Inc,NASDAQ,1953947373,1780,2026-08-07
NBHC,National Bank Holdings Corporation,N,1953920749,1781,2026-08-07
SGRY,"Surgery Partners, Inc.",NASDAQ,1951507682,1782,2026-08-07
ALMR,"Alamar Biosciences, Inc.",NASDAQ,1947644327,1783,2026-08-07
GT,The Goodyear Tire & Rubber Company,NASDAQ,1943085146,1784,2026-08-07
AMR,"Alpha Metallurgical Resources, Inc.",N,1934148603,1785,2026-08-07
TY,Tri Continental Corporation,N,1928371174,1786,2026-08-07
LILA,Liberty Latin America Ltd.,NASDAQ,1927397809,1787,2026-08-07
XPRO,Expro Ltd,N,1926585858,1788,2026-08-07
DEI,"Douglas Emmett, Inc.",N,1926080571,1789,2026-08-07
GNL,"Global Net Lease, Inc.",N,1922218261,1790,2026-08-07
UWMC,UWM Holdings Corporation,N,1921305748,1791,2026-08-07
OCFC,OceanFirst Financial Corp.,NASDAQ,1921084126,1792,2026-08-07
OCUL,"Ocular Therapeutix, Inc.",NASDAQ,1919442686,1793,2026-08-07
TIC,"TIC Solutions, Inc.",N,1918649803,1794,2026-08-07
EPAC,Enerpac Tool Group Corp.,N,1915616219,1795,2026-08-07
SNDA,"Sonida Senior Living, Inc.",N,1911744349,1796,2026-08-07
GABC,"German American Bancorp, Inc.",NASDAQ,1907891610,1797,2026-08-07
SMA,"SmartStop Self Storage REIT, Inc.",N,1907888066,1798,2026-08-07
AGIO,"Agios Pharmaceuticals, Inc.",NASDAQ,1907475130,1799,2026-08-07
EVTC,"Evertec, Inc.",N,1906533443,1800,2026-08-07
WKC,World Kinect Corporation,N,1904374813,1801,2026-08-07
ASTH,Astrana Health Inc.,NASDAQ,1901594589,1802,2026-08-07
LPG,Dorian LPG Ltd.,N,1898695383,1803,2026-08-07
LILAK,Liberty Latin America Ltd.,NASDAQ,1896382212,1804,2026-08-07
FLOC,Flowco Holdings Inc.,N,1892736465,1805,2026-08-07
CTS,CTS Corporation,N,1892133481,1806,2026-08-07
ALNT,Allient Inc.,NASDAQ,1890182100,1807,2026-08-07
WMK,"Weis Markets, Inc.",N,1886528075,1808,2026-08-07
SAM,"Boston Beer Company, Inc. (The)",N,1883892207,1809,2026-08-07
PLAB,"Photronics, Inc.",NASDAQ,1880941966,1810,2026-08-07
FIGS,"FIGS, Inc.",N,1877611124,1811,2026-08-07
LIFE,Ethos Technologies Inc.,NASDAQ,1877543979,1812,2026-08-07
EVCM,EverCommerce Inc.,NASDAQ,1877446938,1813,2026-08-07
VERX,"Vertex, Inc.",NASDAQ,1876862029,1814,2026-08-07
ZD,"Ziff Davis, Inc.",NASDAQ,1876763630,1815,2026-08-07
CASH,"Pathward Financial, Inc.",NASDAQ,1870982313,1816,2026-08-07
SHAZ,"SharonAI Holdings, Inc.",NASDAQ,1867152786,1817,2026-08-07
FSUN,FirstSun Capital Bancorp,NASDAQ,1858718758,1818,2026-08-07
STBA,"S&T Bancorp, Inc.",NASDAQ,1858206162,1819,2026-08-07
ANIP,"ANI Pharmaceuticals, Inc.",NASDAQ,1855718422,1820,2026-08-07
NVRI,Enviri Corporation,N,1853432541,1821,2026-08-07
LMAT,"LeMaitre Vascular, Inc.",NASDAQ,1846796726,1822,2026-08-07
DMRA,"Damora Therapeutics, Inc.",NASDAQ,1839209437,1823,2026-08-07
TCBK,TriCo Bancshares,NASDAQ,1836135349,1824,2026-08-07
PDFS,"PDF Solutions, Inc.",NASDAQ,1832378031,1825,2026-08-07
STRA,"Strategic Education, Inc.",NASDAQ,1831235315,1826,2026-08-07
VSTS,Vestis Corporation,N,1829655386,1827,2026-08-07
CYD,China Yuchai International Limited,N,1828267831,1828,2026-08-07
SONO,"Sonos, Inc.",NASDAQ,1827641976,1829,2026-08-07
NVCR,NovoCure Limited,NASDAQ,1827035230,1830,2026-08-07
PAX,Patria Investments Limited,NASDAQ,1822479877,1831,2026-08-07
TSHA,"Taysha Gene Therapies, Inc.",NASDAQ,1821868867,1832,2026-08-07
XHR,"Xenia Hotels & Resorts, Inc.",N,1820010325,1833,2026-08-07
DCOM,"Dime Commercial Bancshares, Inc.",N,1814394489,1834,2026-08-07
TFIN,"Triumph Financial, Inc.",N,1810728014,1835,2026-08-07
NEXT,NextDecade Corporation,NASDAQ,1810060944,1836,2026-08-07
BCAX,Bicara Therapeutics Inc.,NASDAQ,1807513354,1837,2026-08-07
BVC,BitVentures Limited,NASDAQ,1804320000,1838,2026-08-07
MIY,"Blackrock MuniYield Michigan Quality Fund, Inc.",N,1803001149,1839,2026-08-07
EYE,"National Vision Holdings, Inc.",NASDAQ,1800221463,1840,2026-08-07
MUJ,"Blackrock MuniHoldings New Jersey Quality Fund, Inc.",N,1798538274,1841,2026-08-07
CMRE,Costamare Inc.,N,1797978397,1842,2026-08-07
DV,"DoubleVerify Holdings, Inc.",N,1797065653,1843,2026-08-07
CNOB,"ConnectOne Bancorp, Inc.",NASDAQ,1796634124,1844,2026-08-07
EZPW,"EZCORP, Inc. - Class A Non-Voting",NASDAQ,1795619838,1845,2026-08-07
ALGT,Allegiant Travel Company,NASDAQ,1791459283,1846,2026-08-07
PGY,Pagaya Technologies Ltd.,NASDAQ,1786981557,1847,2026-08-07
BY,"Byline Bancorp, Inc.",N,1785037971,1848,2026-08-07
KARD,"Kardigan, Inc.",NASDAQ,1785011184,1849,2026-08-07
TMC,TMC the metals company Inc.,NASDAQ,1784871089,1850,2026-08-07
HOPE,"Hope Bancorp, Inc.",NASDAQ,1784630807,1851,2026-08-07
TSLX,"Sixth Street Specialty Lending, Inc.",N,1781963268,1852,2026-08-07
SEPN,"Septerna, Inc.",NASDAQ,1781835819,1853,2026-08-07
GENB,"Generate Biomedicines, Inc.",NASDAQ,1780593603,1854,2026-08-07
HUN,Huntsman Corporation,N,1778339166,1855,2026-08-07
DXC,DXC Technology Company,N,1771945661,1856,2026-08-07
SRPT,"Sarepta Therapeutics, Inc.",NASDAQ,1771569005,1857,2026-08-07
HLMN,Hillman Solutions Corp.,NASDAQ,1764523141,1858,2026-08-07
SNDX,"Syndax Pharmaceuticals, Inc.",NASDAQ,1764510419,1859,2026-08-07
BL,"BlackLine, Inc.",NASDAQ,1759827510,1860,2026-08-07
TV,Grupo Televisa S.A.B.,N,1752744624,1861,2026-08-07
VIA,"Via Transportation, Inc.",N,1752738979,1862,2026-08-07
RVLV,"Revolve Group, Inc.",N,1750833895,1863,2026-08-07
ULCC,"Frontier Group Holdings, Inc.",NASDAQ,1745035544,1864,2026-08-07
AIN,Albany International Corporation,N,1740068000,1865,2026-08-07
MQ,"Marqeta, Inc.",NASDAQ,1737409539,1866,2026-08-07
PRGO,Perrigo Company plc,N,1735131836,1867,2026-08-07
PRG,"PROG Holdings, Inc.",N,1730286138,1868,2026-08-07
CPRI,Capri Holdings Limited,N,1727766540,1869,2026-08-07
APPS,"Digital Turbine, Inc.",NASDAQ,1725757262,1870,2026-08-07
MHD,"Blackrock MuniHoldings Fund, Inc.",N,1725644664,1871,2026-08-07
JJSF,J & J Snack Foods Corp.,NASDAQ,1722688794,1872,2026-08-07
QCRH,"QCR Holdings, Inc.",NASDAQ,1722631384,1873,2026-08-07
BFC,Bank First Corporation,NASDAQ,1717038758,1874,2026-08-07
PRGS,Progress Software Corporation,NASDAQ,1714751105,1875,2026-08-07
IE,Ivanhoe Electric Inc.,A,1707615771,1876,2026-08-07
TPB,"Turning Point Brands, Inc.",N,1703957881,1877,2026-08-07
INSP,"Inspire Medical Systems, Inc.",N,1702531984,1878,2026-08-07
PICS,PicS N.V.,NASDAQ,1695005062,1879,2026-08-07
ATLC,Atlanticus Holdings Corporation,NASDAQ,1690040885,1880,2026-08-07
ZYME,Zymeworks Inc.,NASDAQ,1689023401,1881,2026-08-07
RXRX,"Recursion Pharmaceuticals, Inc.",NASDAQ,1685098533,1882,2026-08-07
FTRE,Fortrea Holdings Inc.,NASDAQ,1682319000,1883,2026-08-07
MQY,"Blackrock MuniYield Quality Fund, Inc.",N,1681015922,1884,2026-08-07
CBL,"CBL & Associates Properties, Inc.",N,1680609807,1885,2026-08-07
ARLO,"Arlo Technologies, Inc.",N,1680193869,1886,2026-08-07
SVV,"Savers Value Village, Inc.",N,1679988984,1887,2026-08-07
FLNG,FLEX LNG Ltd.,N,1677945504,1888,2026-08-07
NOMD,Nomad Foods Limited,N,1673774164,1889,2026-08-07
EMAT,Evolution Metals & Technologies Corp.,NASDAQ,1672616838,1890,2026-08-07
OBK,"Origin Bancorp, Inc.",N,1668202940,1891,2026-08-07
GAB,"Gabelli Equity Trust, Inc. (The)",N,1663005426,1892,2026-08-07
ARDT,"Ardent Health, Inc.",N,1661426859,1893,2026-08-07
BLFS,"BioLife Solutions, Inc.",NASDAQ,1657732091,1894,2026-08-07
EFC,Ellington Financial Inc.,N,1647672219,1895,2026-08-07
IMKTA,"Ingles Markets, Incorporated",NASDAQ,1647002343,1896,2026-08-07
IDT,IDT Corporation,N,1645553012,1897,2026-08-07
OMCL,"Omnicell, Inc.",NASDAQ,1644517349,1898,2026-08-07
AMPX,"Amprius Technologies, Inc.",N,1634642115,1899,2026-08-07
LZB,La-Z-Boy Incorporated,N,1626055452,1900,2026-08-07
FCEL,"FuelCell Energy, Inc.",NASDAQ,1624669263,1901,2026-08-07
ANAB,"AnaptysBio, Inc.",NASDAQ,1621656504,1902,2026-08-07
ITG,"ITG, Inc.",NASDAQ,1616001099,1903,2026-08-07
MRVI,"Maravai LifeSciences Holdings, Inc.",NASDAQ,1613689025,1904,2026-08-07
MLKN,"MillerKnoll, Inc.",NASDAQ,1613158276,1905,2026-08-07
FRA,Blackrock Floating Rate Income Strategies Fund Inc,N,1611097561,1906,2026-08-07
FUN,Six Flags Entertainment Corporation,N,1609712087,1907,2026-08-07
TYRA,"Tyra Biosciences, Inc.",NASDAQ,1608890275,1908,2026-08-07
IIPR,"Innovative Industrial Properties, Inc.",N,1608788214,1909,2026-08-07
DSGR,"Distribution Solutions Group, Inc.",NASDAQ,1608515645,1910,2026-08-07
CNXC,Concentrix Corporation,NASDAQ,1607223339,1911,2026-08-07
PWP,Perella Weinberg Partners,NASDAQ,1604293091,1912,2026-08-07
MYI,"Blackrock MuniYield Quality Fund III, Inc",N,1602171813,1913,2026-08-07
GAM,"General American Investors, Inc.",N,1598933431,1914,2026-08-07
TH,Target Hospitality Corp.,NASDAQ,1593367456,1915,2026-08-07
AEVA,"Aeva Technologies, Inc.",NASDAQ,1592411138,1916,2026-08-07
TRIN,Trinity Capital Inc.,N,1582022658,1917,2026-08-07
TRAX,"First Tracks Biotherapeutics, Inc.",NASDAQ,1580973783,1918,2026-08-07
MUC,"Blackrock MuniHoldings California Quality Fund, Inc.",N,1579857442,1919,2026-08-07
MAZE,"Maze Therapeutics, Inc.",NASDAQ,1579000296,1920,2026-08-07
CSWC,Capital Southwest Corporation,NASDAQ,1577413208,1921,2026-08-07
FBRX,"Forte Biosciences, Inc.",NASDAQ,1573387510,1922,2026-08-07
NTLA,"Intellia Therapeutics, Inc.",NASDAQ,1570478393,1923,2026-08-07
AMSC,American Superconductor Corporation,NASDAQ,1569147241,1924,2026-08-07
WWW,"Wolverine World Wide, Inc.",N,1561080861,1925,2026-08-07
INVA,"Innoviva, Inc.",NASDAQ,1558102691,1926,2026-08-07
LKFN,Lakeland Financial Corporation,NASDAQ,1552365544,1927,2026-08-07
TE,T1 Energy Inc.,N,1549956159,1928,2026-08-07
CXM,"Sprinklr, Inc.",N,1548252117,1929,2026-08-07
TWFG,"TWFG, Inc.",NASDAQ,1547054445,1930,2026-08-07
ICFI,"ICF International, Inc.",NASDAQ,1544467596,1931,2026-08-07
REAL,"The RealReal, Inc.",NASDAQ,1538628287,1932,2026-08-07
GSL,Global Ship Lease Inc New,N,1537300843,1933,2026-08-07
FLO,"Flowers Foods, Inc.",N,1534830985,1934,2026-08-07
UTI,Universal Technical Institute Inc,N,1534560688,1935,2026-08-07
AI,"C3.ai, Inc.",N,1532729871,1936,2026-08-07
SLBT,SL Science Holding Limited,NASDAQ,1530874137,1937,2026-08-07
SAFT,"Safety Insurance Group, Inc.",NASDAQ,1519735419,1938,2026-08-07
WD,"Walker & Dunlop, Inc",N,1519500727,1939,2026-08-07
ENOV,Enovis Corporation,N,1514472085,1940,2026-08-07
MUA,"Blackrock MuniAssets Fund, Inc",N,1514401955,1941,2026-08-07
HCSG,"Healthcare Services Group, Inc.",NASDAQ,1513340054,1942,2026-08-07
GIC,Global Industrial Company,N,1512138971,1943,2026-08-07
SBH,"Sally Beauty Holdings, Inc. (Name to be changed from Sally Holdings, Inc.)",N,1510127570,1944,2026-08-07
GIII,"G-III Apparel Group, LTD.",NASDAQ,1509156796,1945,2026-08-07
ROCK,"Gibraltar Industries, Inc.",NASDAQ,1506232247,1946,2026-08-07
SLVM,Sylvamo Corporation,N,1501231218,1947,2026-08-07
AMAL,Amalgamated Financial Corp.,NASDAQ,1499492372,1948,2026-08-07
CDRE,"Cadre Holdings, Inc.",N,1498766734,1949,2026-08-07
BXBL,"BOXABL, Inc.",NASDAQ,1494500000,1950,2026-08-07
CNMD,CONMED Corporation,N,1490673613,1951,2026-08-07
INNV,InnovAge Holding Corp.,NASDAQ,1490385595,1952,2026-08-07
FOR,Forestar Group Inc,N,1490224885,1953,2026-08-07
HROW,"Harrow, Inc.",NASDAQ,1488022271,1954,2026-08-07
BHRB,Burke & Herbert Financial Services Corp.,NASDAQ,1487383013,1955,2026-08-07
BJRI,"BJ's Restaurants, Inc.",NASDAQ,1486823436,1956,2026-08-07
XNCR,"Xencor, Inc.",NASDAQ,1482831920,1957,2026-08-07
XZO,"Exzeo Group, Inc.",N,1481061225,1958,2026-08-07
KMTS,"Kestra Medical Technologies, Ltd.",NASDAQ,1480900868,1959,2026-08-07
PEBO,Peoples Bancorp Inc.,NASDAQ,1479385685,1960,2026-08-07
CRI,"Carter's, Inc.",N,1479093644,1961,2026-08-07
VIR,"Vir Biotechnology, Inc.",NASDAQ,1478234552,1962,2026-08-07
ADNT,Adient plc,N,1478092345,1963,2026-08-07
GBX,"Greenbrier Companies, Inc. (The)",N,1475204228,1964,2026-08-07
ENR,"Energizer Holdings, Inc.",N,1475137541,1965,2026-08-07
PBT,Permian Basin Royalty Trust,N,1466778810,1966,2026-08-07
NSSC,"NAPCO Security Technologies, Inc.",NASDAQ,1461962630,1967,2026-08-07
AIP,"Arteris, Inc.",NASDAQ,1459958071,1968,2026-08-07
SCL,Stepan Company,N,1452744139,1969,2026-08-07
TRS,TriMas Corporation,NASDAQ,1452174379,1970,2026-08-07
AVLN,Avalyn Pharma Inc.,NASDAQ,1449692207,1971,2026-08-07
AGL,"agilon health, inc.",N,1448653138,1972,2026-08-07
SHLS,"Shoals Technologies Group, Inc.",NASDAQ,1447379570,1973,2026-08-07
HLX,"Helix Energy Solutions Group, Inc.",N,1445821805,1974,2026-08-07
AVBP,"ArriVent BioPharma, Inc.",NASDAQ,1444288517,1975,2026-08-07
BBAI,"BigBear.ai, Inc.",N,1443278424,1976,2026-08-07
PAHC,Phibro Animal Health Corporation,NASDAQ,1440047418,1977,2026-08-07
WLTH,Wealthfront Corporation,NASDAQ,1438348510,1978,2026-08-07
BAND,Bandwidth Inc.,NASDAQ,1438159416,1979,2026-08-07
TMP,Tompkins Financial Corporation,A,1436708380,1980,2026-08-07
WOLF,"Wolfspeed, Inc.",N,1433910267,1981,2026-08-07
AMPL,"Amplitude, Inc.",NASDAQ,1428309279,1982,2026-08-07
ATEC,"Alphatec Holdings, Inc.",NASDAQ,1422494410,1983,2026-08-07
YSS,York Space Systems Inc.,N,1412372648,1984,2026-08-07
DMC,Del Monte Corporation,N,1409671918,1985,2026-08-07
BRBR,"BellRing Brands, Inc.",N,1408128929,1986,2026-08-07
WEN,Wendy's Company (The),NASDAQ,1407651930,1987,2026-08-07
NNNN,Anbio Biotechnology,NASDAQ,1402939200,1988,2026-08-07
WABC,Westamerica Bancorporation,NASDAQ,1401526275,1989,2026-08-07
ODC,Oil-Dri Corporation Of America,N,1398848744,1990,2026-08-07
BW,"Babcock & Wilcox Enterprises, Inc.",N,1396114801,1991,2026-08-07
RYZ,Ryerson Holding Corporation,N,1396073766,1992,2026-08-07
AMBQ,"Ambiq Micro, Inc.",N,1394554191,1993,2026-08-07
ALX,"Alexander's, Inc.",N,1392962275,1994,2026-08-07
PSNL,"Personalis, Inc.",NASDAQ,1391602332,1995,2026-08-07
EOSE,"Eos Energy Enterprises, Inc.",NASDAQ,1391598784,1996,2026-08-07
YSWY,"Yesway, Inc.",NASDAQ,1388388592,1997,2026-08-07
AAT,"American Assets Trust, Inc.",N,1382822877,1998,2026-08-07
AESI,Atlas Energy Solutions Inc.,N,1382704815,1999,2026-08-07
LBRX,LB Pharmaceuticals Inc,NASDAQ,1381641093,2000,2026-08-07
FMBH,"First Mid Bancshares, Inc.",NASDAQ,1381359812,2001,2026-08-07
PCT,"PureCycle Technologies, Inc.",NASDAQ,1378929569,2002,2026-08-07
YELP,Yelp Inc.,N,1376967228,2003,2026-08-07
LGIH,"LGI Homes, Inc.",NASDAQ,1375832737,2004,2026-08-07
ARHS,"Arhaus, Inc.",NASDAQ,1370107820,2005,2026-08-07
NVGS,Navigator Holdings Ltd.,N,1361776766,2006,2026-08-07
PNTG,"The Pennant Group, Inc.",NASDAQ,1358020776,2007,2026-08-07
AMRC,"Ameresco, Inc.",N,1355841691,2008,2026-08-07
NAT,Nordic American Tankers Limited,N,1355204243,2009,2026-08-07
WLFC,Willis Lease Finance Corporation,NASDAQ,1351531575,2010,2026-08-07
DCH,Dauch Corporation,N,1345869370,2011,2026-08-07
AZTA,"Azenta, Inc.",NASDAQ,1345328323,2012,2026-08-07
PUMP,ProPetro Holding Corp.,N,1344921891,2013,2026-08-07
ORIC,"Oric Pharmaceuticals, Inc.",NASDAQ,1340228842,2014,2026-08-07
UMH,"UMH Properties, Inc.",N,1337960923,2015,2026-08-07
PURR,Hyperliquid Strategies Inc,NASDAQ,1337759819,2016,2026-08-07
SBET,"Sharplink, Inc.",NASDAQ,1335966877,2017,2026-08-07
VTOL,"Bristow Group, Inc.",N,1332566060,2018,2026-08-07
SDGR,"Schrodinger, Inc.",NASDAQ,1330776094,2019,2026-08-07
IART,Integra LifeSciences Holdings Corporation,NASDAQ,1329909853,2020,2026-08-07
MLTX,MoonLake Immunotherapeutics,NASDAQ,1327285590,2021,2026-08-07
GLUE,"Monte Rosa Therapeutics, Inc.",NASDAQ,1327171657,2022,2026-08-07
OSBC,"Old Second Bancorp, Inc.",NASDAQ,1325926550,2023,2026-08-07
FMC,FMC Corporation,N,1321143151,2024,2026-08-07
TOP,TOP Financial Group Limited,NASDAQ,1319318742,2025,2026-08-07
HBT,"HBT Financial, Inc.",NASDAQ,1318814078,2026,2026-08-07
FTK,"Flotek Industries, Inc.",N,1317945706,2027,2026-08-07
STDN,"Standard Nuclear, Inc.",N,1317523044,2028,2026-08-07
MYE,"Myers Industries, Inc.",N,1317384811,2029,2026-08-07
XPEL,"XPEL, Inc.",NASDAQ,1314107765,2030,2026-08-07
MGRT,Mega Fortune Company Limited,NASDAQ,1313125000,2031,2026-08-07
DOLE,Dole plc,N,1310338742,2032,2026-08-07
TNC,Tennant Company,N,1310291641,2033,2026-08-07
LQDT,"Liquidity Services, Inc.",NASDAQ,1309923514,2034,2026-08-07
LEG,"Leggett & Platt, Incorporated",N,1309751578,2035,2026-08-07
RMIX,"Suncrete, Inc.",NASDAQ,1308162182,2036,2026-08-07
RES,"RPC, Inc.",N,1305559801,2037,2026-08-07
PRSU,"Pursuit Attractions and Hospitality, Inc.",N,1302272418,2038,2026-08-07
CBRL,"Cracker Barrel Old Country Store, Inc.",NASDAQ,1301302001,2039,2026-08-07
ACVA,ACV Auctions Inc.,N,1300657460,2040,2026-08-07
EPC,Edgewell Personal Care Company,N,1295806887,2041,2026-08-07
AKTS,"Aktis Oncology, Inc.",NASDAQ,1295703358,2042,2026-08-07
EFOR,"Everforth, Inc.",N,1294370000,2043,2026-08-07
ABSI,Absci Corporation,NASDAQ,1294011965,2044,2026-08-07
AORT,"Artivion, Inc.",N,1289796810,2045,2026-08-07
TNDM,"Tandem Diabetes Care, Inc.",NASDAQ,1287661582,2046,2026-08-07
HBNB,Hotel101 Global Holdings Corp.,NASDAQ,1284837799,2047,2026-08-07
VOR,Vor Biopharma Inc.,NASDAQ,1284205285,2048,2026-08-07
ORC,"Orchid Island Capital, Inc.",N,1281454072,2049,2026-08-07
UVV,Universal Corporation,N,1274836820,2050,2026-08-07
CRCT,"Cricut, Inc.",NASDAQ,1274084708,2051,2026-08-07
NVAX,"Novavax, Inc.",NASDAQ,1272751041,2052,2026-08-07
AFYA,Afya Limited,NASDAQ,1272105986,2053,2026-08-07
DFH,"Dream Finders Homes, Inc.",N,1271948784,2054,2026-08-07
TTI,"Tetra Technologies, Inc.",N,1271945172,2055,2026-08-07
WINA,Winmark Corporation,NASDAQ,1270837549,2056,2026-08-07
XERS,"Xeris Biopharma Holdings, Inc.",NASDAQ,1270645525,2057,2026-08-07
HLIT,Harmonic Inc.,NASDAQ,1267238372,2058,2026-08-07
ETON,"Eton Pharmaceuticals, Inc.",NASDAQ,1264979092,2059,2026-08-07
IMTX,Immatics N.V.,NASDAQ,1263189746,2060,2026-08-07
GDRX,"GoodRx Holdings, Inc.",NASDAQ,1259872388,2061,2026-08-07
INBX,"Inhibrx Biosciences, Inc.",NASDAQ,1258641047,2062,2026-08-07
UVE,UNIVERSAL INSURANCE HOLDINGS INC,N,1254592403,2063,2026-08-07
SID,Companhia Siderurgica Nacional S.A.,N,1251567467,2064,2026-08-07
PLTK,Playtika Holding Corp.,NASDAQ,1251448703,2065,2026-08-07
LINC,Lincoln Educational Services Corporation,NASDAQ,1247576232,2066,2026-08-07
MNKD,MannKind Corporation,NASDAQ,1242431006,2067,2026-08-07
THRM,Gentherm Inc,NASDAQ,1240490403,2068,2026-08-07
CERT,"Certara, Inc.",NASDAQ,1240140281,2069,2026-08-07
SPTX,"Seaport Therapeutics, Inc.",NASDAQ,1236020400,2070,2026-08-07
GHM,Graham Corporation,N,1230925642,2071,2026-08-07
TRUP,"Trupanion, Inc.",NASDAQ,1228352492,2072,2026-08-07
NHP,"National Healthcare Properties, Inc.",NASDAQ,1226989063,2073,2026-08-07
CCO,"Clear Channel Outdoor Holdings, Inc.",N,1226650249,2074,2026-08-07
RXT,"Rackspace Technology, Inc.",NASDAQ,1223839452,2075,2026-08-07
OPY,"Oppenheimer Holdings, Inc.",N,1223817891,2076,2026-08-07
HFWA,Heritage Financial Corporation,NASDAQ,1222137924,2077,2026-08-07
GTM,ZoomInfo Technologies Inc.,NASDAQ,1220132661,2078,2026-08-07
ASIC,Ategrity Specialty Insurance Company Holdings,N,1219068708,2079,2026-08-07
GOLD,"Gold.com, Inc.",N,1218763795,2080,2026-08-07
TDOC,"Teladoc Health, Inc.",N,1213649260,2081,2026-08-07
TRIP,"TripAdvisor, Inc.",NASDAQ,1212483381,2082,2026-08-07
MRTN,"Marten Transport, Ltd.",NASDAQ,1212414546,2083,2026-08-07
LADR,Ladder Capital Corp,N,1210294991,2084,2026-08-07
UVSP,Univest Financial Corporation,NASDAQ,1206934408,2085,2026-08-07
ECVT,Ecovyst Inc.,N,1203988324,2086,2026-08-07
ARDX,"Ardelyx, Inc.",NASDAQ,1203033115,2087,2026-08-07
MMI,"Marcus & Millichap, Inc.",N,1198573096,2088,2026-08-07
DLX,Deluxe Corporation,N,1194506151,2089,2026-08-07
FBYD,"Falcon's Beyond Global, Inc.",NASDAQ,1191810944,2090,2026-08-07
DFIN,"Donnelley Financial Solutions, Inc.",N,1189440830,2091,2026-08-07
SVRA,"Savara, Inc.",NASDAQ,1186528557,2092,2026-08-07
WVE,Wave Life Sciences Ltd.,NASDAQ,1186230014,2093,2026-08-07
ALVO,Alvotech,NASDAQ,1186182023,2094,2026-08-07
MGTX,MeiraGTx Holdings plc,NASDAQ,1184475710,2095,2026-08-07
CLVT,Clarivate Plc,N,1183378406,2096,2026-08-07
RDWR,Radware Ltd.,NASDAQ,1180787533,2097,2026-08-07
PDM,"Piedmont Realty Trust, Inc.",N,1180002540,2098,2026-08-07
WBTN,WEBTOON Entertainment Inc.,NASDAQ,1177894498,2099,2026-08-07
DEA,"Easterly Government Properties, Inc.",N,1177835047,2100,2026-08-07
SPH,"Suburban Propane Partners, L.P.",N,1176925831,2101,2026-08-07
SECZ,Securitize Corp.,N,1173880275,2102,2026-08-07
TDAY,"USA TODAY Co., Inc.",N,1173616888,2103,2026-08-07
FRNM,"Freenome, Inc.",NASDAQ,1172244741,2104,2026-08-07
LWLG,"Lightwave Logic, Inc.",NASDAQ,1169807551,2105,2026-08-07
BVS,Bioventus Inc.,NASDAQ,1167816294,2106,2026-08-07
IRMD,iRadimed Corporation,NASDAQ,1166301449,2107,2026-08-07
LNN,Lindsay Corporation,N,1165862665,2108,2026-08-07
CRVS,"Corvus Pharmaceuticals, Inc.",NASDAQ,1165493277,2109,2026-08-07
BRAI,Braiin Limited,NASDAQ,1164398488,2110,2026-08-07
USPH,"U.S. Physical Therapy, Inc.",N,1163628607,2111,2026-08-07
UPWK,Upwork Inc.,NASDAQ,1163540851,2112,2026-08-07
OMDA,"Omada Health, Inc.",NASDAQ,1161623827,2113,2026-08-07
JCAP,"Jefferson Capital, Inc.",NASDAQ,1158800145,2114,2026-08-07
UMAC,"Unusual Machines, Inc.",A,1158046754,2115,2026-08-07
SCSC,"ScanSource, Inc.",NASDAQ,1157278681,2116,2026-08-07
SENEB,Seneca Foods Corp.,NASDAQ,1157135900,2117,2026-08-07
IGIC,International General Insurance Holdings Ltd.,NASDAQ,1156739832,2118,2026-08-07
VYX,NCR Voyix Corporation,N,1154824127,2119,2026-08-07
MBC,"MasterBrand, Inc.",N,1151861310,2120,2026-08-07
MCB,Metropolitan Bank Holding Corp.,N,1151133687,2121,2026-08-07
STAA,STAAR Surgical Company,NASDAQ,1151110004,2122,2026-08-07
NPKI,NPK International Inc.,N,1149679965,2123,2026-08-07
ELE,Elemental Royalty Corporation,NASDAQ,1147949425,2124,2026-08-07
AMTB,Amerant Bancorp Inc.,N,1143951955,2125,2026-08-07
DRTS,Alpha Tau Medical Ltd.,NASDAQ,1143246484,2126,2026-08-07
NWPX,"NWPX Infrastructure, Inc.",NASDAQ,1142008437,2127,2026-08-07
CRAI,"CRA International,Inc.",NASDAQ,1140614677,2128,2026-08-07
PRCT,PROCEPT BioRobotics Corporation,NASDAQ,1140084445,2129,2026-08-07
CFFN,"Capitol Federal Financial, Inc.",NASDAQ,1139660745,2130,2026-08-07
UPBD,"Upbound Group, Inc.",NASDAQ,1137421392,2131,2026-08-07
BKSY,BlackSky Technology Inc.,N,1137211987,2132,2026-08-07
ESQ,"Esquire Financial Holdings, Inc.",NASDAQ,1134530079,2133,2026-08-07
CRSR,"Corsair Gaming, Inc.",NASDAQ,1134020259,2134,2026-08-07
SAFE,Safehold Inc. New,N,1132352317,2135,2026-08-07
CLBK,"Columbia Financial, Inc.",NASDAQ,1127874564,2136,2026-08-07
SENEA,Seneca Foods Corp.,NASDAQ,1127819895,2137,2026-08-07
BLZE,"Backblaze, Inc.",NASDAQ,1121009000,2138,2026-08-07
FSBC,Five Star Bancorp,NASDAQ,1119498557,2139,2026-08-07
BOW,Bowhead Specialty Holdings Inc.,N,1115779579,2140,2026-08-07
WLDN,"Willdan Group, Inc.",NASDAQ,1113500556,2141,2026-08-07
QDEL,QuidelOrtho Corporation,NASDAQ,1112876940,2142,2026-08-07
AVO,"Mission Produce, Inc.",NASDAQ,1109296776,2143,2026-08-07
TROX,Tronox Holdings plc,N,1108692453,2144,2026-08-07
ANRO,"Alto Neuroscience, Inc.",N,1106639605,2145,2026-08-07
NMAX,"Newsmax, Inc.",N,1105615121,2146,2026-08-07
TBLA,Taboola.com Ltd.,NASDAQ,1104230382,2147,2026-08-07
CGEM,"Cullinan Therapeutics, Inc.",NASDAQ,1103171926,2148,2026-08-07
LMRI,"Lumexa Imaging Holdings, Inc.",NASDAQ,1099163608,2149,2026-08-07
JBIO,"Jade Biosciences, Inc.",NASDAQ,1097763620,2150,2026-08-07
GNK,Genco Shipping & Trading Limited,N,1095091292,2151,2026-08-07
MUX,McEwen Inc.,N,1094410544,2152,2026-08-07
VRTS,"Virtus Investment Partners, Inc.",N,1092526947,2153,2026-08-07
OI,"O-I Glass, Inc.",N,1090984204,2154,2026-08-07
NBN,Northeast Bank,NASDAQ,1085924100,2155,2026-08-07
ITRN,Ituran Location and Control Ltd.,NASDAQ,1081415009,2156,2026-08-07
MSEX,Middlesex Water Company,NASDAQ,1081077182,2157,2026-08-07
REPL,"Replimune Group, Inc.",NASDAQ,1080575273,2158,2026-08-07
CMP,Compass Minerals Intl Inc,N,1076651210,2159,2026-08-07
EYPT,"EyePoint, Inc.",NASDAQ,1075683853,2160,2026-08-07
EVLV,"Evolv Technologies Holdings, Inc.",NASDAQ,1069335532,2161,2026-08-07
HRTG,"Heritage Insurance Holdings, Inc.",N,1068620859,2162,2026-08-07
GPRE,"Green Plains, Inc.",NASDAQ,1065537632,2163,2026-08-07
SBGI,"Sinclair, Inc.",NASDAQ,1065163976,2164,2026-08-07
RCAT,"Red Cat Holdings, Inc.",NASDAQ,1064176270,2165,2026-08-07
RHLD,Resolute Holdings Management,N,1061824467,2166,2026-08-07
MBWM,Mercantile Bank Corporation,NASDAQ,1060146026,2167,2026-08-07
APMD,"Apnimed, Inc.",NASDAQ,1059429963,2168,2026-08-07
VMET,Versamet Royalties Corporation,NASDAQ,1058742662,2169,2026-08-07
EQBK,"Equity Bancshares, Inc.",N,1057220649,2170,2026-08-07
RZLV,Rezolve AI PLC,NASDAQ,1057034262,2171,2026-08-07
BRUN,Boost Run Inc.,NASDAQ,1055958906,2172,2026-08-07
HBNC,"Horizon Bancorp, Inc.",NASDAQ,1051233567,2173,2026-08-07
DAKT,"Daktronics, Inc.",NASDAQ,1050168657,2174,2026-08-07
EVC,Entravision Communications Corporation,N,1050167044,2175,2026-08-07
KFRC,"Kforce, Inc.",N,1048392860,2176,2026-08-07
LXRX,"Lexicon Pharmaceuticals, Inc.",NASDAQ,1048303480,2177,2026-08-07
NUTX,Nutex Health Inc.,NASDAQ,1045481834,2178,2026-08-07
CCNE,CNB Financial Corporation,NASDAQ,1041163517,2179,2026-08-07
ASST,"Strive, Inc.",NASDAQ,1036624768,2180,2026-08-07
PLOW,"Douglas Dynamics, Inc.",N,1036390136,2181,2026-08-07
DEC,Diversified Energy Company,N,1035442366,2182,2026-08-07
ODTX,"Odyssey Therapeutics, Inc.",NASDAQ,1035074946,2183,2026-08-07
BFST,"Business First Bancshares, Inc.",NASDAQ,1032156790,2184,2026-08-07
SBR,Sabine Royalty Trust,N,1031197072,2185,2026-08-07
OLMA,"Olema Pharmaceuticals, Inc.",NASDAQ,1030700158,2186,2026-08-07
MCBS,"MetroCity Bankshares, Inc.",NASDAQ,1028322307,2187,2026-08-07
REF,Reformation Inc.,N,1026833977,2188,2026-08-07
PXED,"Phoenix Education Partners, Inc.",N,1024826900,2189,2026-08-07
ENHA,Enhanced Group Inc.,N,1023818648,2190,2026-08-07
GSBD,"Goldman Sachs BDC, Inc.",N,1023252819,2191,2026-08-07
PCRX,"Pacira BioSciences, Inc.",NASDAQ,1019667044,2192,2026-08-07
AGBK,AGI Inc,N,1017155245,2193,2026-08-07
NBBK,"NB Bancorp, Inc.",NASDAQ,1017065208,2194,2026-08-07
ASTE,"Astec Industries, Inc.",NASDAQ,1015814393,2195,2026-08-07
GERN,Geron Corporation,NASDAQ,1007187929,2196,2026-08-07
KOP,Koppers Holdings Inc.,N,1006401455,2197,2026-08-07
AEBI,Aebi Schmidt Holding AG,NASDAQ,1003360035,2198,2026-08-07
ABX,"Abacus Global Management, Inc.",N,997592617,2199,2026-08-07
RJET,Republic Airways Holdings Inc.,NASDAQ,996318960,2200,2026-08-07
CAC,Camden National Corporation,NASDAQ,993060863,2201,2026-08-07
CIM,Chimera Investment Corporation,N,992041773,2202,2026-08-07
CEVA,"CEVA, Inc.",NASDAQ,991514943,2203,2026-08-07
AVTX,"Avalo Therapeutics, Inc.",NASDAQ,989285894,2204,2026-08-07
SMPL,The Simply Good Foods Company,NASDAQ,988104288,2205,2026-08-07
NPK,"National Presto Industries, Inc.",N,986705586,2206,2026-08-07
OPK,"Opko Health, Inc.",NASDAQ,985153257,2207,2026-08-07
TRST,TrustCo Bank Corp NY,NASDAQ,982958119,2208,2026-08-07
NXDR,"Nextdoor Holdings, Inc.",N,982594941,2209,2026-08-07
JANX,"Janux Therapeutics, Inc.",NASDAQ,981848099,2210,2026-08-07
THFF,First Financial Corporation,NASDAQ,980605744,2211,2026-08-07
PDS,Precision Drilling Corporation,N,980585014,2212,2026-08-07
TK,Teekay Corporation Ltd.,N,977994056,2213,2026-08-07
AIIR,Air Global PLC,NASDAQ,976754406,2214,2026-08-07
JBSS,"John B. Sanfilippo & Son, Inc.",NASDAQ,975728825,2215,2026-08-07
FUBO,FuboTV Inc.,N,974842121,2216,2026-08-07
GLIBA,Liberty Capital Corporation - Series A GCI Group,NASDAQ,974479953,2217,2026-08-07
SBSI,"Southside Bancshares, Inc.",N,973528627,2218,2026-08-07
LZ,"LegalZoom.com, Inc.",NASDAQ,972384583,2219,2026-08-07
BBDC,"Barings BDC, Inc.",N,963303333,2220,2026-08-07
RPC,"Ridgepost Capital, Inc.",N,962299209,2221,2026-08-07
CRML,Critical Metals Corp.,NASDAQ,962121332,2222,2026-08-07
GO,Grocery Outlet Holding Corp.,NASDAQ,958560692,2223,2026-08-07
NX,Quanex Building Products Corporation,N,958516630,2224,2026-08-07
MPB,Mid Penn Bancorp,NASDAQ,958038808,2225,2026-08-07
INMD,InMode Ltd.,NASDAQ,957984300,2226,2026-08-07
HAFC,Hanmi Financial Corporation,NASDAQ,957883878,2227,2026-08-07
ABR,Arbor Realty Trust,N,957042761,2228,2026-08-07
GLIBK,Liberty Capital Corporation - Series C GCI Group,NASDAQ,955724606,2229,2026-08-07
GRPN,"Groupon, Inc.",NASDAQ,955297097,2230,2026-08-07
WYFI,"WhiteFiber, Inc.",NASDAQ,954157277,2231,2026-08-07
HTLD,"Heartland Express, Inc.",NASDAQ,952348364,2232,2026-08-07
OMER,Omeros Corporation,NASDAQ,951735918,2233,2026-08-07
AEF,"abrdn Emerging Markets ex-China Fund, Inc.",A,951231750,2234,2026-08-07
RDVT,"Red Violet, Inc.",NASDAQ,949530383,2235,2026-08-07
SANA,"Sana Biotechnology, Inc.",NASDAQ,948974322,2236,2026-08-07
KRO,Kronos Worldwide Inc,N,946887145,2237,2026-08-07
NNE,Nano Nuclear Energy Inc.,NASDAQ,945624351,2238,2026-08-07
MCS,Marcus Corporation (The),N,944389030,2239,2026-08-07
COLL,"Collegium Pharmaceutical, Inc.",NASDAQ,944147307,2240,2026-08-07
COUR,"Coursera, Inc.",N,941493904,2241,2026-08-07
BUR,Burford Capital Limited,N,940889841,2242,2026-08-07
TBN,Tamboran Resources Corporation,N,940754157,2243,2026-08-07
CSR,D/B/A Centerspace,N,940472456,2244,2026-08-07
FMNB,Farmers National Banc Corp.,NASDAQ,936189482,2245,2026-08-07
BLMN,"Bloomin' Brands, Inc.",NASDAQ,931483443,2246,2026-08-07
APEI,"American Public Education, Inc.",NASDAQ,931482321,2247,2026-08-07
CSTL,"Castle Biosciences, Inc.",NASDAQ,930843478,2248,2026-08-07
ENVX,Enovix Corporation,NASDAQ,929333654,2249,2026-08-07
ATTO,"Attovia Therapeutics, Inc.",NASDAQ,928900366,2250,2026-08-07
KBDC,"Kayne Anderson BDC, Inc.",N,920938028,2251,2026-08-07
NAK,"Northern Dynasty Minerals, Ltd.",A,918910306,2252,2026-08-07
ANNX,"Annexon, Inc.",NASDAQ,917518213,2253,2026-08-07
NABL,"N-able, Inc.",N,917402272,2254,2026-08-07
BZH,"Beazer Homes USA, Inc.",N,914589785,2255,2026-08-07
EVEX,"Eve Holding, Inc.",N,913034192,2256,2026-08-07
LYTS,LSI Industries Inc.,NASDAQ,912670363,2257,2026-08-07
LUCK,Lucky Strike Entertainment Corporation,N,912636216,2258,2026-08-07
EIG,Employers Holdings Inc,N,908442393,2259,2026-08-07
VPG,"Vishay Precision Group, Inc.",N,905133050,2260,2026-08-07
SMBK,"SmartFinancial, Inc.",N,901431497,2261,2026-08-07
APOG,"Apogee Enterprises, Inc.",NASDAQ,900049520,2262,2026-08-07
ABUS,Arbutus Biopharma Corporation,NASDAQ,896821203,2263,2026-08-07
WOOF,"Petco Health and Wellness Company, Inc.",NASDAQ,895696214,2264,2026-08-07
BH,Biglari Holdings Inc.,N,895310933,2265,2026-08-07
CCBG,Capital City Bank Group,NASDAQ,894340901,2266,2026-08-07
NAVI,Navient Corporation,NASDAQ,891870048,2267,2026-08-07
GSBC,"Great Southern Bancorp, Inc.",NASDAQ,886924588,2268,2026-08-07
WRLD,World Acceptance Corporation,NASDAQ,885618282,2269,2026-08-07
SABR,Sabre Corporation,NASDAQ,885501732,2270,2026-08-07
TRNS,"Transcat, Inc.",NASDAQ,884876721,2271,2026-08-07
WGO,"Winnebago Industries, Inc.",N,884533662,2272,2026-08-07
HIPO,Hippo Holdings Inc.,N,881141432,2273,2026-08-07
CRTO,Criteo S.A.,NASDAQ,880725284,2274,2026-08-07
CVLG,"Covenant Logistics Group, Inc.",N,879474356,2275,2026-08-07
ADSE,ADS-TEC ENERGY PLC,NASDAQ,879017841,2276,2026-08-07
SMP,"Standard Motor Products, Inc.",N,878643724,2277,2026-08-07
HMH,HMH Holding Inc.,NASDAQ,876968310,2278,2026-08-07
SOC,Sable Offshore Corp.,N,875559880,2279,2026-08-07
QNST,"QuinStreet, Inc.",NASDAQ,874318531,2280,2026-08-07
AMPH,"Amphastar Pharmaceuticals, Inc.",NASDAQ,873480725,2281,2026-08-07
TALK,"Talkspace, Inc.",NASDAQ,872740469,2282,2026-08-07
TBPH,"Theravance Biopharma, Inc.",NASDAQ,872276845,2283,2026-08-07
KDK,"Kodiak AI, Inc.",NASDAQ,869386886,2284,2026-08-07
HTB,"HomeTrust Bancshares, Inc.",N,867492167,2285,2026-08-07
HPK,"HighPeak Energy, Inc.",NASDAQ,866816593,2286,2026-08-07
MATW,Matthews International Corporation,NASDAQ,863059435,2287,2026-08-07
SPFI,"South Plains Financial, Inc.",NASDAQ,862324760,2288,2026-08-07
DSGN,"Design Therapeutics, Inc.",NASDAQ,861749334,2289,2026-08-07
SMBC,"Southern Missouri Bancorp, Inc.",NASDAQ,858227889,2290,2026-08-07
DGICB,"Donegal Group, Inc.",NASDAQ,858197800,2291,2026-08-07
SLDB,Solid Biosciences Inc.,NASDAQ,857496068,2292,2026-08-07
MNTN,"MNTN, Inc.",N,857419589,2293,2026-08-07
PD,"PagerDuty, Inc.",N,856060472,2294,2026-08-07
ADAM,"Adamas Trust, Inc.",NASDAQ,855655563,2295,2026-08-07
IBCP,Independent Bank Corporation,NASDAQ,854409056,2296,2026-08-07
GILT,Gilat Satellite Networks Ltd.,NASDAQ,852067003,2297,2026-08-07
ACRS,"Aclaris Therapeutics, Inc.",NASDAQ,850551811,2298,2026-08-07
EGBN,"Eagle Bancorp, Inc.",NASDAQ,849607862,2299,2026-08-07
SWIM,"Latham Group, Inc.",NASDAQ,847711673,2300,2026-08-07
SKYH,Sky Harbour Group Corporation,N,847164340,2301,2026-08-07
FET,"Forum Energy Technologies, Inc.",N,846058773,2302,2026-08-07
KRT,Karat Packaging Inc.,NASDAQ,845863282,2303,2026-08-07
ORRF,"Orrstown Financial Services, Inc.",NASDAQ,844070004,2304,2026-08-07
ESRT,"Empire State Realty Trust, Inc.",N,841459410,2305,2026-08-07
IMC,IMC Rare Earths Ltd,A,840800000,2306,2026-08-07
MOV,Movado Group Inc.,N,839522590,2307,2026-08-07
EVER,"EverQuote, Inc.",NASDAQ,839410869,2308,2026-08-07
BCSF,"Bain Capital Specialty Finance, Inc.",N,839398481,2309,2026-08-07
MTAL,Metals Acquisition Corp. II,N,838638886,2310,2026-08-07
ALRS,Alerus Financial Corporation,NASDAQ,836499764,2311,2026-08-07
OPFI,OppFi Inc.,N,833438100,2312,2026-08-07
IBTA,"Ibotta, Inc.",N,833179319,2313,2026-08-07
BFS,"Saul Centers, Inc.",N,829308147,2314,2026-08-07
SGP,"SpyGlass Pharma, Inc.",NASDAQ,827475536,2315,2026-08-07
FISI,"Financial Institutions, Inc.",NASDAQ,826878866,2316,2026-08-07
AHCO,AdaptHealth Corp.,NASDAQ,824200665,2317,2026-08-07
KURA,"Kura Oncology, Inc.",NASDAQ,823826107,2318,2026-08-07
HSTM,"HealthStream, Inc.",NASDAQ,821531087,2319,2026-08-07
ARKO,ARKO Corp.,NASDAQ,817833906,2320,2026-08-07
CTO,"CTO Realty Growth, Inc.",N,817182897,2321,2026-08-07
VTEX,VTEX,N,816660084,2322,2026-08-07
FEIM,"Frequency Electronics, Inc.",NASDAQ,815113306,2323,2026-08-07
PGC,Peapack-Gladstone Financial Corporation,NASDAQ,814868204,2324,2026-08-07
SXC,"SunCoke Energy, Inc.",N,814798560,2325,2026-08-07
AVR,Anteris Technologies Global Corp.,NASDAQ,813780817,2326,2026-08-07
SIBN,"SI-BONE, Inc.",NASDAQ,813008951,2327,2026-08-07
BBSI,"Barrett Business Services, Inc.",NASDAQ,812678785,2328,2026-08-07
PZZA,"Papa John's International, Inc.",NASDAQ,810705625,2329,2026-08-07
PKE,Park Aerospace Corp.,N,809797586,2330,2026-08-07
INR,"Infinity Natural Resources, Inc.",N,809395603,2331,2026-08-07
ACDC,ProFrac Holding Corp.,NASDAQ,807811162,2332,2026-08-07
ARRY,"Array Technologies, Inc.",NASDAQ,807588485,2333,2026-08-07
DSP,Viant Technology Inc.,NASDAQ,807377919,2334,2026-08-07
MNPR,Monopar Therapeutics Inc.,NASDAQ,805294243,2335,2026-08-07
SHBI,"Shore Bancshares, Inc.",NASDAQ,804605574,2336,2026-08-07
ANGX,"Angel Studios, Inc.",N,803052172,2337,2026-08-07
KELYB,"Kelly Services, Inc.",NASDAQ,801725019,2338,2026-08-07
CLYM,"Climb Bio, Inc.",NASDAQ,801682322,2339,2026-08-07
ROOT,"Root, Inc.",NASDAQ,799386211,2340,2026-08-07
AURA,"Aura Biosciences, Inc.",NASDAQ,798529132,2341,2026-08-07
DJCO,Daily Journal Corp. (S.C.),NASDAQ,794756241,2342,2026-08-07
FOXF,Fox Factory Holding Corp.,NASDAQ,790915468,2343,2026-08-07
WEST,Westrock Coffee Company,NASDAQ,789243913,2344,2026-08-07
HOV,"Hovnanian Enterprises, Inc.",N,788877544,2345,2026-08-07
SB,"Safe Bulkers, Inc",N,784217478,2346,2026-08-07
INDI,"indie Semiconductor, Inc.",NASDAQ,778279821,2347,2026-08-07
VRRM,Verra Mobility Corporation,NASDAQ,777762063,2348,2026-08-07
HZO,"MarineMax, Inc. (FL)",N,775907387,2349,2026-08-07
CADL,"Candel Therapeutics, Inc.",NASDAQ,775199129,2350,2026-08-07
HQ,Horizon Quantum Holdings Ltd.,NASDAQ,774499348,2351,2026-08-07
GSM,Ferroglobe PLC,NASDAQ,771733935,2352,2026-08-07
KRNT,Kornit Digital Ltd.,NASDAQ,771568942,2353,2026-08-07
RSKD,Riskified Ltd.,N,769184552,2354,2026-08-07
FWRG,"First Watch Restaurant Group, Inc.",NASDAQ,768319816,2355,2026-08-07
PHAR,"Pharming Group N.V. - ADS, each representing 10",NASDAQ,766283746,2356,2026-08-07
ODD,ODDITY Tech Ltd.,NASDAQ,765998381,2357,2026-08-07
FPH,"Five Point Holdings, LLC",N,761580270,2358,2026-08-07
PSIX,"Power Solutions International, Inc.",NASDAQ,761125859,2359,2026-08-07
JBI,"Janus International Group, Inc.",N,759705997,2360,2026-08-07
MITK,"Mitek Systems, Inc.",NASDAQ,759120285,2361,2026-08-07
GDOT,Green Dot Corporation,N,758948748,2362,2026-08-07
MAKO,Mako Mining Corp,NASDAQ,758309843,2363,2026-08-07
MAX,"MediaAlpha, Inc.",N,755997489,2364,2026-08-07
LPTH,"LightPath Technologies, Inc.",NASDAQ,754100778,2365,2026-08-07
SSYS,"Stratasys, Ltd.",NASDAQ,754009716,2366,2026-08-07
CARE,"Carter Bankshares, Inc.",NASDAQ,753326139,2367,2026-08-07
SCHL,Scholastic Corporation,NASDAQ,752616743,2368,2026-08-07
MAMA,"Mama's Creations, Inc.",NASDAQ,749643168,2369,2026-08-07
NGVC,"Natural Grocers by Vitamin Cottage, Inc.",N,747903914,2370,2026-08-07
CASS,"Cass Information Systems, Inc",NASDAQ,747685045,2371,2026-08-07
SATL,Satellogic Inc.,NASDAQ,747150249,2372,2026-08-07
KOPN,Kopin Corporation,NASDAQ,746314865,2373,2026-08-07
WASH,"Washington Trust Bancorp, Inc.",NASDAQ,744892719,2374,2026-08-07
SSII,SS Innovations International Inc.,NASDAQ,742487995,2375,2026-08-07
CYRX,"CryoPort, Inc.",NASDAQ,741418024,2376,2026-08-07
DC,Dakota Gold Corp.,A,739283095,2377,2026-08-07
REPX,"Riley Exploration Permian, Inc.",A,739180914,2378,2026-08-07
NB,NioCorp Developments Ltd.,NASDAQ,736670463,2379,2026-08-07
TCBX,"Third Coast Bancshares, Inc.",N,736482773,2380,2026-08-07
ALOY,REalloys Inc.,NASDAQ,735280446,2381,2026-08-07
CTMX,"CytomX Therapeutics, Inc.",NASDAQ,733658837,2382,2026-08-07
RIGL,"Rigel Pharmaceuticals, Inc.",NASDAQ,732624266,2383,2026-08-07
OFRM,"Once Upon a Farm, PBC",N,730352400,2384,2026-08-07
HPP,"Hudson Pacific Properties, Inc.",N,729012803,2385,2026-08-07
DGICA,"Donegal Group, Inc.",NASDAQ,724939577,2386,2026-08-07
PFLT,PennantPark Floating Rate Capital Ltd.,N,724290641,2387,2026-08-07
INN,"Summit Hotel Properties, Inc.",N,723878721,2388,2026-08-07
NMFC,New Mountain Finance Corporation,NASDAQ,722560784,2389,2026-08-07
NEXN,Nexxen International Ltd.,NASDAQ,717911237,2390,2026-08-07
OCS,Oculis Holding AG,NASDAQ,717847342,2391,2026-08-07
PFIS,Peoples Financial Services Corp.,NASDAQ,716278536,2392,2026-08-07
TASK,"TaskUs, Inc.",NASDAQ,716141563,2393,2026-08-07
SHEN,Shenandoah Telecommunications Co,NASDAQ,715620359,2394,2026-08-07
VEL,"Velocity Financial, Inc.",N,714838667,2395,2026-08-07
GYRE,"Gyre Therapeutics, Inc.",NASDAQ,713528634,2396,2026-08-07
SDHC,Smith Douglas Homes Corp.,N,713503314,2397,2026-08-07
PAR,PAR Technology Corporation,N,706134927,2398,2026-08-07
PHR,"Phreesia, Inc.",N,705891772,2399,2026-08-07
HYLN,Hyliion Holdings Corp.,A,704392598,2400,2026-08-07
BBOT,"BridgeBio Oncology Therapeutics, Inc.",NASDAQ,703340373,2401,2026-08-07
ZVRA,"Zevra Therapeutics, Inc.",NASDAQ,702287198,2402,2026-08-07
IMMX,"Immix Biopharma, Inc.",NASDAQ,702093597,2403,2026-08-07
IRWD,"Ironwood Pharmaceuticals, Inc.",NASDAQ,701253110,2404,2026-08-07
MSBI,"Midland States Bancorp, Inc.",NASDAQ,700591301,2405,2026-08-07
HNRG,Hallador Energy Company,NASDAQ,698472409,2406,2026-08-07
LXU,"LSB Industries, Inc.",N,697655814,2407,2026-08-07
SG,"Sweetgreen, Inc.",N,697518347,2408,2026-08-07
ASC,Ardmore Shipping Corporation,N,694460490,2409,2026-08-07
RPD,"Rapid7, Inc.",NASDAQ,693701815,2410,2026-08-07
PAYS,"Paysign, Inc.",NASDAQ,693231585,2411,2026-08-07
CBLL,"CeriBell, Inc.",NASDAQ,692454275,2412,2026-08-07
PRAA,"PRA Group, Inc.",NASDAQ,692257117,2413,2026-08-07
AGNT,"AGNT, Inc.",NASDAQ,690197080,2414,2026-08-07
PSTL,"Postal Realty Trust, Inc.",N,688766838,2415,2026-08-07
HELP,Cybin Inc.,NASDAQ,688023266,2416,2026-08-07
BCAL,California BanCorp,NASDAQ,687362289,2417,2026-08-07
LEGH,Legacy Housing Corporation,NASDAQ,687288269,2418,2026-08-07
IVR,INVESCO MORTGAGE CAPITAL INC,N,686892191,2419,2026-08-07
CCSI,"Consensus Cloud Solutions, Inc.",NASDAQ,686795474,2420,2026-08-07
TRON,Tron Inc.,NASDAQ,683110172,2421,2026-08-07
NGNE,Neurogene Inc.,NASDAQ,680521982,2422,2026-08-07
ALLO,"Allogene Therapeutics, Inc.",NASDAQ,679954485,2423,2026-08-07
PHAT,"Phathom Pharmaceuticals, Inc.",NASDAQ,678758836,2424,2026-08-07
RSVR,"Reservoir Media, Inc..",NASDAQ,678427345,2425,2026-08-07
BHB,"Bar Harbor Bankshares, Inc.",A,672865160,2426,2026-08-07
HELE,Helen of Troy Limited,NASDAQ,671277198,2427,2026-08-07
BXC,Bluelinx Holdings Inc.,N,671262532,2428,2026-08-07
WHK,WhiteHawk Minerals Corp,N,670845886,2429,2026-08-07
CCB,Coastal Financial Corporation,NASDAQ,669880135,2430,2026-08-07
PKOH,Park-Ohio Holdings Corp.,NASDAQ,669658840,2431,2026-08-07
CARS,Cars.com Inc.,N,669409705,2432,2026-08-07
TIPT,Tiptree Inc.,NASDAQ,667335281,2433,2026-08-07
CGNT,Cognyte Software Ltd.,NASDAQ,667320440,2434,2026-08-07
NXP,Nuveen Select Tax Free Income Portfolio,N,664547405,2435,2026-08-07
ACNB,ACNB Corporation,NASDAQ,663884980,2436,2026-08-07
RRBI,"Red River Bancshares, Inc.",NASDAQ,663473969,2437,2026-08-07
HY,"Hyster-Yale, Inc.",N,662348496,2438,2026-08-07
VTS,"Vitesse Energy, Inc.",N,662300906,2439,2026-08-07
AROW,Arrow Financial Corporation,NASDAQ,660664889,2440,2026-08-07
TMS,Teamshares Inc.,NASDAQ,658892879,2441,2026-08-07
ALTI,"AlTi Global, Inc.",NASDAQ,658021426,2442,2026-08-07
GMRS,GMR Solutions Inc.,N,657322523,2443,2026-08-07
OIO,OIO Group,NASDAQ,654281563,2444,2026-08-07
NTGR,"NETGEAR, Inc.",NASDAQ,652209643,2445,2026-08-07
CNNE,"Cannae Holdings, Inc.",N,652077109,2446,2026-08-07
TCMD,"Tactile Systems Technology, Inc.",NASDAQ,650973664,2447,2026-08-07
SWBI,"Smith & Wesson Brands, Inc.",NASDAQ,650778839,2448,2026-08-07
RMT,"Royce Micro-Cap Trust, Inc.",N,649618262,2449,2026-08-07
VINP,Vinci Compass Investments Ltd.,NASDAQ,648987212,2450,2026-08-07
MATV,"Mativ Holdings, Inc.",N,643771559,2451,2026-08-07
BALY,Bally's Corporation,N,643676654,2452,2026-08-07
CWH,"Camping World Holdings, Inc.",N,643527327,2453,2026-08-07
CSHR,CoinShares PLC,NASDAQ,643087420,2454,2026-08-07
HIFS,Hingham Institution for Savings,NASDAQ,642974508,2455,2026-08-07
SMWB,Similarweb Ltd.,N,641812416,2456,2026-08-07
VLGEA,"Village Super Market, Inc.",NASDAQ,640066201,2457,2026-08-07
HTZ,"Hertz Global Holdings, Inc",NASDAQ,637844336,2458,2026-08-07
METC,"Ramaco Resources, Inc.",NASDAQ,637387286,2459,2026-08-07
FAC,Factorial Energy Inc.,NASDAQ,636788308,2460,2026-08-07
NXRT,"NexPoint Residential Trust, Inc.",N,635501574,2461,2026-08-07
FBRT,"Franklin BSP Realty Trust, Inc.",N,635297432,2462,2026-08-07
KE,"Kimball Electronics, Inc.",NASDAQ,634891620,2463,2026-08-07
BBNX,"Beta Bionics, Inc.",NASDAQ,634804498,2464,2026-08-07
NKLR,Terra Innovatum Global N.V.,NASDAQ,633170203,2465,2026-08-07
FTH,"Faeth Therapeutics, Inc.",NASDAQ,632573604,2466,2026-08-07
ASPI,ASP Isotopes Inc.,NASDAQ,628568458,2467,2026-08-07
NVEC,NVE Corporation,NASDAQ,626074395,2468,2026-08-07
PUBM,"PubMatic, Inc.",NASDAQ,626056021,2469,2026-08-07
IIIN,"Insteel Industries, Inc.",N,625852126,2470,2026-08-07
SMC,Summit Midstream Corporation,N,624603105,2471,2026-08-07
ANGO,"AngioDynamics, Inc.",NASDAQ,624532398,2472,2026-08-07
TMQ,Trilogy Metals Inc.,A,621884300,2473,2026-08-07
BWMX,"Betterware de Mexico, S.A.P.I. de C.V.",N,621601025,2474,2026-08-07
KRNY,Kearny Financial,NASDAQ,620848458,2475,2026-08-07
MLR,"Miller Industries, Inc.",N,620040908,2476,2026-08-07
NCDL,Nuveen Churchill Direct Lending Corp.,N,618819924,2477,2026-08-07
RYAM,Rayonier Advanced Materials Inc.,N,617737109,2478,2026-08-07
CBNK,"Capital Bancorp, Inc.",NASDAQ,616816591,2479,2026-08-07
GDYN,"Grid Dynamics Holdings, Inc.",NASDAQ,614941758,2480,2026-08-07
GRNT,"Granite Ridge Resources, Inc.",N,614635313,2481,2026-08-07
NVCT,"Nuvectis Pharma, Inc.",NASDAQ,613510266,2482,2026-08-07
IIIV,"i3 Verticals, Inc.",NASDAQ,613376047,2483,2026-08-07
ADTN,"ADTRAN Holdings, Inc.",NASDAQ,610703145,2484,2026-08-07
CBIO,"Crescent Biopharma, Inc.",NASDAQ,610274934,2485,2026-08-07
MDXG,"MiMedx Group, Inc",NASDAQ,609278756,2486,2026-08-07
TRTX,"TPG RE Finance Trust, Inc.",N,605707481,2487,2026-08-07
KLC,"KinderCare Learning Companies, Inc.",N,605168608,2488,2026-08-07
SFST,"Southern First Bancshares, Inc.",NASDAQ,604297969,2489,2026-08-07
RGR,"Sturm, Ruger & Company, Inc.",N,604137859,2490,2026-08-07
FBIZ,"First Business Financial Services, Inc.",NASDAQ,602602723,2491,2026-08-07
MPLT,"MapLight Therapeutics, Inc.",NASDAQ,602190577,2492,2026-08-07
CTRN,"Citi Trends, Inc.",NASDAQ,600165548,2493,2026-08-07
CMCO,Columbus McKinnon Corporation,NASDAQ,599221705,2494,2026-08-07
OSPN,OneSpan Inc.,NASDAQ,598479290,2495,2026-08-07
ETD,Ethan Allen Interiors Inc.,N,598243430,2496,2026-08-07
HNST,"The Honest Company, Inc.",NASDAQ,596626093,2497,2026-08-07
CIVB,"Civista Bancshares, Inc.",NASDAQ,595858587,2498,2026-08-07
BWB,"Bridgewater Bancshares, Inc.",NASDAQ,592252401,2499,2026-08-07
NPB,"Northpointe Bancshares, Inc.",N,592041135,2500,2026-08-07
NRIM,Northrim BanCorp Inc,NASDAQ,590820985,2501,2026-08-07
IIM,Invesco Value Municipal Income Trust,N,590708909,2502,2026-08-07
KRUS,"Kura Sushi USA, Inc.",NASDAQ,589996036,2503,2026-08-07
CRMD,CorMedix Inc.,NASDAQ,589173701,2504,2026-08-07
OOMA,"Ooma, Inc.",N,588500000,2505,2026-08-07
DDD,3D Systems Corporation,N,588160476,2506,2026-08-07
GCBC,"Greene County Bancorp, Inc.",NASDAQ,587379233,2507,2026-08-07
CSV,"Carriage Services, Inc.",N,587276136,2508,2026-08-07
ALT,"Altimmune, Inc.",NASDAQ,585367204,2509,2026-08-07
MEI,"Methode Electronics, Inc.",N,584930081,2510,2026-08-07
RMR,The RMR Group Inc.,NASDAQ,584555563,2511,2026-08-07
UHT,Universal Health Realty Income Trust,N,583746408,2512,2026-08-07
XMAX,"XMAX, Inc.",NASDAQ,583233329,2513,2026-08-07
RGNX,REGENXBIO Inc.,NASDAQ,583149165,2514,2026-08-07
NRDS,"NerdWallet, Inc.",NASDAQ,581661242,2515,2026-08-07
UROY,Uranium Royalty Corp.,NASDAQ,580070728,2516,2026-08-07
BTGO,"BitGo Holdings, Inc.",N,578637451,2517,2026-08-07
CTNM,"Contineum Therapeutics, Inc.",NASDAQ,577484376,2518,2026-08-07
IHRT,"iHeartMedia, Inc.",NASDAQ,574379109,2519,2026-08-07
LMB,"Limbach Holdings, Inc.",NASDAQ,571564914,2520,2026-08-07
ASPN,"Aspen Aerogels, Inc.",N,571025651,2521,2026-08-07
RWT,"Redwood Trust, Inc.",N,570983761,2522,2026-08-07
TECX,"Tectonic Therapeutic, Inc.",NASDAQ,570226801,2523,2026-08-07
SOPH,SOPHiA GENETICS SA,NASDAQ,569505149,2524,2026-08-07
IMSR,Terrestrial Energy Inc.,NASDAQ,567812961,2525,2026-08-07
ARVN,"Arvinas, Inc.",NASDAQ,567552138,2526,2026-08-07
BTQ,BTQ Technologies Corp.,NASDAQ,567123720,2527,2026-08-07
HBCP,"Home Bancorp, Inc.",NASDAQ,566615293,2528,2026-08-07
ARTV,"Artiva Biotherapeutics, Inc.",NASDAQ,566097298,2529,2026-08-07
MLAB,"Mesa Laboratories, Inc.",NASDAQ,565229738,2530,2026-08-07
RLMD,"Relmada Therapeutics, Inc.",NASDAQ,563260498,2531,2026-08-07
RFI,"Cohen & Steers Total Return Realty Fund, Inc.",N,563128677,2532,2026-08-07
FWRD,Forward Air Corporation,NASDAQ,562925819,2533,2026-08-07
BDN,Brandywine Realty Trust,N,562137608,2534,2026-08-07
CTGO,Contango Silver & Gold Inc.,A,561882313,2535,2026-08-07
EBF,"Ennis, Inc.",N,561874621,2536,2026-08-07
MBUU,"Malibu Boats, Inc.",NASDAQ,561816086,2537,2026-08-07
OXM,"Oxford Industries, Inc.",N,559909950,2538,2026-08-07
VGM,Invesco Trust for Investment Grade Municipals,N,559131590,2539,2026-08-07
YEXT,"Yext, Inc.",N,558382006,2540,2026-08-07
ITIC,Investors Title Company,NASDAQ,557770658,2541,2026-08-07
DNUT,"Krispy Kreme, Inc.",NASDAQ,556852000,2542,2026-08-07
AGCC,Agencia Comercial Spirits Ltd,NASDAQ,556687445,2543,2026-08-07
LAES,SEALSQ Corp,NASDAQ,554707258,2544,2026-08-07
AIOT,"PowerFleet, Inc.",NASDAQ,554353041,2545,2026-08-07
THM,"International Tower Hill Mines, Ltd.",A,552055068,2546,2026-08-07
FDMT,"4D Molecular Therapeutics, Inc.",NASDAQ,551514480,2547,2026-08-07
SPRY,"ARS Pharmaceuticals, Inc.",NASDAQ,551133104,2548,2026-08-07
AMSF,"AMERISAFE, Inc.",NASDAQ,551077004,2549,2026-08-07
STTK,"Shattuck Labs, Inc.",NASDAQ,549032502,2550,2026-08-07
KIDS,OrthoPediatrics Corp.,NASDAQ,549031593,2551,2026-08-07
VKQ,Invesco Municipal Trust,N,547268243,2552,2026-08-07
CCOI,"Cogent Communications Holdings, Inc.",NASDAQ,546347303,2553,2026-08-07
ONT,"Onterris, Inc.",N,545340935,2554,2026-08-07
FISN,"Deep Fission, Inc.",NASDAQ,543112748,2555,2026-08-07
ASIX,AdvanSix Inc.,N,542954985,2556,2026-08-07
ESEA,Euroseas Ltd.,NASDAQ,542526690,2557,2026-08-07
ZURA,Zura Bio Limited,NASDAQ,542436924,2558,2026-08-07
ADUR,Aduro Clean Technologies Inc.,NASDAQ,542058065,2559,2026-08-07
KELYA,"Kelly Services, Inc.",NASDAQ,541532748,2560,2026-08-07
SGMT,Sagimet Biosciences Inc. - Series A,NASDAQ,539710793,2561,2026-08-07
SPIR,"Spire Global, Inc.",N,538128534,2562,2026-08-07
EGY,"VAALCO Energy, Inc.",N,537972585,2563,2026-08-07
SFIX,"Stitch Fix, Inc.",NASDAQ,537706200,2564,2026-08-07
CTKB,"Cytek Biosciences, Inc.",NASDAQ,537233162,2565,2026-08-07
NRGV,"Energy Vault Holdings, Inc.",N,536468239,2566,2026-08-07
VITL,"Vital Farms, Inc.",NASDAQ,536034160,2567,2026-08-07
MSIF,"MSC Income Fund, Inc.",N,535073702,2568,2026-08-07
DCTH,"Delcath Systems, Inc.",NASDAQ,534049879,2569,2026-08-07
BWFG,"Bankwell Financial Group, Inc.",NASDAQ,533166547,2570,2026-08-07
AXG,Solowin Holdings,NASDAQ,532966563,2571,2026-08-07
PRME,"Prime Medicine, Inc.",NASDAQ,532821480,2572,2026-08-07
IQI,Invesco Quality Municipal Income Trust,N,530424484,2573,2026-08-07
WEAV,"Weave Communications, Inc.",N,529907129,2574,2026-08-07
BSRR,Sierra Bancorp,NASDAQ,529814035,2575,2026-08-07
ROMA,Roma Green Finance Limited,NASDAQ,528939347,2576,2026-08-07
DNA,"Ginkgo Bioworks Holdings, Inc.",N,528151300,2577,2026-08-07
OLP,"One Liberty Properties, Inc.",N,527157864,2578,2026-08-07
WRN,Western Copper and Gold Corporation,A,525725939,2579,2026-08-07
AHRT,"AH Realty Trust, Inc.",N,524092232,2580,2026-08-07
NUAI,"New Era Energy & Digital, Inc.",NASDAQ,522661188,2581,2026-08-07
VSTM,"Verastem, Inc.",NASDAQ,519333206,2582,2026-08-07
TATT,TAT Technologies Ltd.,NASDAQ,517897335,2583,2026-08-07
TLRY,"Tilray Brands, Inc.",NASDAQ,517360344,2584,2026-08-07
ARQQ,Arqit Quantum Inc.,NASDAQ,517224860,2585,2026-08-07
VREX,Varex Imaging Corporation,NASDAQ,515725000,2586,2026-08-07
AIIO,Robo.ai Inc.,NASDAQ,515648985,2587,2026-08-07
ETO,Eaton Vance Tax-Advantage Global Dividend Opp,N,515079177,2588,2026-08-07
OBT,"Orange County Bancorp, Inc.",NASDAQ,514729435,2589,2026-08-07
COFS,"ChoiceOne Financial Services, Inc.",NASDAQ,514542203,2590,2026-08-07
IDR,"Idaho Strategic Resources, Inc.",A,514294713,2591,2026-08-07
QUAD,"Quad Graphics, Inc",N,514098407,2592,2026-08-07
CLB,Core Laboratories Inc.,N,512989180,2593,2026-08-07
CLMB,"Climb Global Solutions, Inc.",NASDAQ,512607753,2594,2026-08-07
YORW,The York Water Company,NASDAQ,512377206,2595,2026-08-07
WNC,Wabash National Corporation,N,511658893,2596,2026-08-07
GLRE,"Greenlight Reinsurance, Ltd.",NASDAQ,510510620,2597,2026-08-07
FLGT,"Fulgent Genetics, Inc.",NASDAQ,510408685,2598,2026-08-07
MTW,"Manitowoc Company, Inc. (The)",N,510275189,2599,2026-08-07
MEC,"Mayville Engineering Company, Inc.",N,508866169,2600,2026-08-07
VCV,Invesco California Value Municipal Income Trust,N,506681755,2601,2026-08-07
TYG,Tortoise Energy Infrastructure Corporation,N,501329763,2602,2026-08-07
OIS,"Oil States International, Inc.",N,501280964,2603,2026-08-07
BIOA,"BioAge Labs, Inc.",NASDAQ,500982312,2604,2026-08-07
STLN,"Starling Oncology, Inc.",NASDAQ,498914836,2605,2026-08-07
EIKN,"Eikon Therapeutics, Inc.",NASDAQ,498616764,2606,2026-08-07
LOCO,"El Pollo Loco Holdings, Inc.",NASDAQ,498553228,2607,2026-08-07
ACIC,American Coastal Insurance Corporation,NASDAQ,498210403,2608,2026-08-07
TENX,"Tenax Therapeutics, Inc.",NASDAQ,498112335,2609,2026-08-07
JOUT,Johnson Outdoors Inc.,NASDAQ,498071605,2610,2026-08-07
MG,Mistras Group Inc,N,497612891,2611,2026-08-07
SLDP,"Solid Power, Inc.",NASDAQ,497605756,2612,2026-08-07
WTI,"W&T Offshore, Inc.",N,496917511,2613,2026-08-07
SD,"SandRidge Energy, Inc.",N,496181401,2614,2026-08-07
PROK,ProKidney Corp.,NASDAQ,495377787,2615,2026-08-07
OVID,Ovid Therapeutics Inc.,NASDAQ,494596270,2616,2026-08-07
SRTA,"Strata Critical Medical, Inc.",NASDAQ,494529446,2617,2026-08-07
GOGO,Gogo Inc.,NASDAQ,492268224,2618,2026-08-07
SPT,"Sprout Social, Inc",NASDAQ,492264356,2619,2026-08-07
AQST,"Aquestive Therapeutics, Inc.",NASDAQ,491830593,2620,2026-08-07
CPS,Cooper-Standard Holdings Inc.,N,490578497,2621,2026-08-07
AMCX,AMC Global Media Inc.,NASDAQ,489637156,2622,2026-08-07
ELMT,The Elmet Group Co.,NASDAQ,488971566,2623,2026-08-07
EOLS,"Evolus, Inc.",NASDAQ,487983705,2624,2026-08-07
BBCP,"Concrete Pumping Holdings, Inc.",NASDAQ,487808306,2625,2026-08-07
PBAM,"Private Bancorp of America, Inc.",NASDAQ,487517393,2626,2026-08-07
PDLB,"Ponce Financial Group, Inc.",NASDAQ,487386205,2627,2026-08-07
PANL,Pangaea Logistics Solutions Ltd.,NASDAQ,486687027,2628,2026-08-07
CAL,"Caleres, Inc.",N,485707698,2629,2026-08-07
ULH,"Universal Logistics Holdings, Inc.",NASDAQ,484674921,2630,2026-08-07
WTBA,West Bancorporation,NASDAQ,482678802,2631,2026-08-07
QTTB,Q32 Bio Inc.,NASDAQ,482176784,2632,2026-08-07
CBK,"Commercial Bancgroup, Inc.",NASDAQ,482147656,2633,2026-08-07
EVMN,"Evommune, Inc.",N,481925817,2634,2026-08-07
BSVN,Bank7 Corp.,NASDAQ,479298517,2635,2026-08-07
FIP,FTAI Infrastructure Inc.,NASDAQ,479153216,2636,2026-08-07
CWCO,Consolidated Water Co. Ltd.,NASDAQ,478725685,2637,2026-08-07
EVGO,EVgo Inc.,NASDAQ,477066235,2638,2026-08-07
BTBT,"Bit Digital, Inc.",NASDAQ,476644923,2639,2026-08-07
GEMI,"Gemini Space Station, Inc.",NASDAQ,474773933,2640,2026-08-07
LWAY,"Lifeway Foods, Inc.",NASDAQ,474655441,2641,2026-08-07
NPCE,"Neuropace, Inc.",NASDAQ,473903056,2642,2026-08-07
FRBA,First Bank,NASDAQ,472275432,2643,2026-08-07
FMAO,"Farmers & Merchants Bancorp, Inc.",NASDAQ,472143993,2644,2026-08-07
BLND,"Blend Labs, Inc.",N,472127479,2645,2026-08-07
BWMN,Bowman Consulting Group Ltd.,NASDAQ,471833431,2646,2026-08-07
KYTX,"Kyverna Therapeutics, Inc.",NASDAQ,471162893,2647,2026-08-07
ATNI,"ATN International, Inc.",NASDAQ,471115527,2648,2026-08-07
XRN,Chiron Real Estate Inc.,N,469307072,2649,2026-08-07
IPI,"Intrepid Potash, Inc",N,469081408,2650,2026-08-07
ELA,Envela Corporation,A,468121472,2651,2026-08-07
CERS,Cerus Corporation,NASDAQ,467537763,2652,2026-08-07
CBAN,"Colony Bankcorp, Inc.",N,466147508,2653,2026-08-07
PACK,Ranpak Holdings Corp,N,465667509,2654,2026-08-07
TWI,"Titan International, Inc. (DE)",N,465350358,2655,2026-08-07
SI,"Shoulder Innovations, Inc.",N,465158409,2656,2026-08-07
BMRC,Bank of Marin Bancorp,NASDAQ,465130282,2657,2026-08-07
RMNI,"Rimini Street, Inc.",NASDAQ,462112200,2658,2026-08-07
QMCO,Quantum Corporation,NASDAQ,460201729,2659,2026-08-07
NGS,"Natural Gas Services Group, Inc.",N,458580486,2660,2026-08-07
CTEV,Claritev Corporation,N,457562657,2661,2026-08-07
LXFR,Luxfer Holdings PLC,N,457315429,2662,2026-08-07
GUT,Gabelli Utility Trust (The),N,457275951,2663,2026-08-07
RBB,RBB Bancorp,NASDAQ,454051157,2664,2026-08-07
VHI,"Valhi, Inc.",N,452836688,2665,2026-08-07
CZNC,Citizens & Northern Corp,NASDAQ,452752128,2666,2026-08-07
RZLT,"Rezolute, Inc.",NASDAQ,452573956,2667,2026-08-07
CINT,CI&T Inc,N,452403033,2668,2026-08-07
BNTC,Benitec Biopharma Inc.,NASDAQ,451072405,2669,2026-08-07
ACTG,Acacia Research Corporation,NASDAQ,451071246,2670,2026-08-07
ABTC,American Bitcoin Corp.,NASDAQ,450754023,2671,2026-08-07
HVT,"Haverty Furniture Companies, Inc.",N,450499855,2672,2026-08-07
DIN,"Dine Brands Global, Inc.",N,450323713,2673,2026-08-07
CABA,"Cabaletta Bio, Inc.",NASDAQ,450031237,2674,2026-08-07
ERII,"Energy Recovery, Inc.",NASDAQ,449990111,2675,2026-08-07
PRTA,Prothena Corporation plc,NASDAQ,449190773,2676,2026-08-07
CMDB,Costamare Bulkers Holdings Limited,N,448789560,2677,2026-08-07
MAGN,Magnera Corporation,N,448574000,2678,2026-08-07
TITN,Titan Machinery Inc.,NASDAQ,448333943,2679,2026-08-07
TREE,"LendingTree, Inc.",NASDAQ,447160018,2680,2026-08-07
FCBM,"First Carolina Financial Services, Inc.",N,446821900,2681,2026-08-07
TRC,Tejon Ranch Co,N,444489692,2682,2026-08-07
PRTH,"Priority Technology Holdings, Inc.",NASDAQ,443070815,2683,2026-08-07
FVR,"FrontView REIT, Inc.",N,442620627,2684,2026-08-07
GTN,"Gray Media, Inc.",N,439720587,2685,2026-08-07
SERV,Serve Robotics Inc.,NASDAQ,439480321,2686,2026-08-07
FSTR,L.B. Foster Company,NASDAQ,438009518,2687,2026-08-07
BNED,"Barnes & Noble Education, Inc",N,437892222,2688,2026-08-07
AVBC,"Avidia Bancorp, Inc.",N,436457675,2689,2026-08-07
LRMR,"Larimar Therapeutics, Inc.",NASDAQ,436308335,2690,2026-08-07
KREF,KKR Real Estate Finance Trust Inc.,N,435819933,2691,2026-08-07
BBW,"Build-A-Bear Workshop, Inc.",N,435174647,2692,2026-08-07
EPRX,Eupraxia Pharmaceuticals Inc.,NASDAQ,435077467,2693,2026-08-07
BOC,Boston Omaha Corporation,N,434783020,2694,2026-08-07
BUUU,BUUU Group Limited,NASDAQ,434383750,2695,2026-08-07
FPI,Farmland Partners Inc.,N,433689377,2696,2026-08-07
CCAP,"Crescent Capital BDC, Inc.",NASDAQ,433676855,2697,2026-08-07
PBFS,"Pioneer Bancorp, Inc.",NASDAQ,433076353,2698,2026-08-07
NEWT,"NewtekOne, Inc.",NASDAQ,431922693,2699,2026-08-07
NRC,NRC Health,NASDAQ,430667950,2700,2026-08-07
BBBY,"Bed Bath & Beyond, Inc.",N,428986706,2701,2026-08-07
OFIX,Orthofix Medical Inc.,NASDAQ,428469511,2702,2026-08-07
PLBC,Plumas Bancorp,NASDAQ,428052594,2703,2026-08-07
GCO,Genesco Inc.,N,427507391,2704,2026-08-07
SHOE,"Shoe Station Group, Inc.",NASDAQ,424646457,2705,2026-08-07
XRX,Xerox Holdings Corporation,NASDAQ,422407297,2706,2026-08-07
OCGN,"Ocugen, Inc.",NASDAQ,420496897,2707,2026-08-07
ASMB,"Assembly Biosciences, Inc.",NASDAQ,420359482,2708,2026-08-07
ALIT,"Alight, Inc.",N,419980460,2709,2026-08-07
ECX,ECARX Holdings Inc.,NASDAQ,419165982,2710,2026-08-07
SGU,Star Group L.P.,N,418960985,2711,2026-08-07
EVN,Eaton Vance Municipal Income Trust,N,418885241,2712,2026-08-07
WEYS,"Weyco Group, Inc.",NASDAQ,418558990,2713,2026-08-07
OPAL,OPAL Fuels Inc.,NASDAQ,417668229,2714,2026-08-07
ISTR,Investar Holding Corporation,NASDAQ,415462780,2715,2026-08-07
AII,"American Integrity Insurance Group, Inc.",N,415325320,2716,2026-08-07
PBYI,Puma Biotechnology Inc,NASDAQ,413303583,2717,2026-08-07
PHOE,Phoenix Asia Holdings Limited,NASDAQ,412560000,2718,2026-08-07
KMDA,Kamada Ltd.,NASDAQ,411878440,2719,2026-08-07
FLXS,"Flexsteel Industries, Inc.",NASDAQ,411786779,2720,2026-08-07
SCTX,Scribe Therapeutics Inc.,NASDAQ,411184874,2721,2026-08-07
MRLN,"Merlin, Inc.",NASDAQ,410227221,2722,2026-08-07
MOBI,"Mobia Medical, Inc.",NASDAQ,409627754,2723,2026-08-07
CLNE,Clean Energy Fuels Corp.,NASDAQ,409617819,2724,2026-08-07
GBLI,"Global Indemnity Group, LLC",NASDAQ,408617282,2725,2026-08-07
CLPT,ClearPoint Neuro Inc.,NASDAQ,408451600,2726,2026-08-07
CRNC,Cerence Inc.,NASDAQ,407594037,2727,2026-08-07
ACCO,Acco Brands Corporation,N,407076375,2728,2026-08-07
FRPH,"FRP Holdings, Inc.",NASDAQ,406409830,2729,2026-08-07
USCB,"USCB Financial Holdings, Inc.",NASDAQ,405641219,2730,2026-08-07
FRST,Primis Financial Corp.,NASDAQ,405272736,2731,2026-08-07
CDRO,"Codere Online Luxembourg, S.A.",NASDAQ,405136943,2732,2026-08-07
AIRJ,AirJoule Technologies Corporation,NASDAQ,404719287,2733,2026-08-07
EVH,"Evolent Health, Inc",N,403807031,2734,2026-08-07
LSAK,"Lesaka Technologies, Inc.",NASDAQ,403244932,2735,2026-08-07
CNCK,Coincheck Group N.V.,NASDAQ,402775743,2736,2026-08-07
NATH,"Nathan's Famous, Inc.",NASDAQ,402480012,2737,2026-08-07
CCCC,"C4 Therapeutics, Inc.",NASDAQ,402464688,2738,2026-08-07
METCB,"Ramaco Resources, Inc.",NASDAQ,402437958,2739,2026-08-07
PKBK,"Parke Bancorp, Inc.",NASDAQ,402254276,2740,2026-08-07
TDUP,ThredUp Inc.,NASDAQ,401317031,2741,2026-08-07
PCB,PCB Bancorp,NASDAQ,400280411,2742,2026-08-07
STRO,"Sutro Biopharma, Inc.",NASDAQ,400176102,2743,2026-08-07
CHMG,Chemung Financial Corp,NASDAQ,399370285,2744,2026-08-07
AVIR,"Atea Pharmaceuticals, Inc.",NASDAQ,399335224,2745,2026-08-07
HCMA,HCM III Acquisition Corp.,NASDAQ,398604375,2746,2026-08-07
FNLC,"First Bancorp, Inc (ME)",NASDAQ,398147015,2747,2026-08-07
LE,"Lands' End, Inc.",NASDAQ,397172002,2748,2026-08-07
MCFT,"MasterCraft Boat Holdings, Inc.",NASDAQ,397066517,2749,2026-08-07
CZFS,"Citizens Financial Services, Inc.",NASDAQ,395302085,2750,2026-08-07
RLGT,"Radiant Logistics, Inc.",A,394790944,2751,2026-08-07
VELO,"Velo3D, Inc.",NASDAQ,393969246,2752,2026-08-07
XFOR,"X4 Pharmaceuticals, Inc.",NASDAQ,393313132,2753,2026-08-07
ABEO,Abeona Therapeutics Inc.,NASDAQ,393266494,2754,2026-08-07
WILC,"G. Willi-Food International, Ltd.",NASDAQ,392974045,2755,2026-08-07
SPCE,"Virgin Galactic Holdings, Inc.",N,392692863,2756,2026-08-07
MVBF,MVB Financial Corp.,NASDAQ,390893988,2757,2026-08-07
GNE,Genie Energy Ltd.,N,389190553,2758,2026-08-07
MNRO,"Monro, Inc.",NASDAQ,387986985,2759,2026-08-07
ENTA,"Enanta Pharmaceuticals, Inc.",NASDAQ,387905589,2760,2026-08-07
SWMR,"Swarmer, Inc",NASDAQ,387874858,2761,2026-08-07
RCKT,"Rocket Pharmaceuticals, Inc.",NASDAQ,386545163,2762,2026-08-07
SGHT,"Sight Sciences, Inc.",NASDAQ,385766489,2763,2026-08-07
AUNA,Auna SA,N,384867418,2764,2026-08-07
LEO,"BNY Mellon Strategic Municipals, Inc.",N,384334569,2765,2026-08-07
OPTU,"Optimum Communications, Inc.",N,383319029,2766,2026-08-07
MPTI,"M-tron Industries, Inc.",A,382361277,2767,2026-08-07
ZIP,"ZipRecruiter, Inc.",N,381525534,2768,2026-08-07
AIV,Apartment Investment and Management Company,N,381218885,2769,2026-08-07
TACO,Berto Acquisition Corp.,NASDAQ,380456902,2770,2026-08-07
PERI,Perion Network Ltd,NASDAQ,380324185,2771,2026-08-07
MFI,mF International Limited,NASDAQ,378330697,2772,2026-08-07
FENC,Fennec Pharmaceuticals Inc.,NASDAQ,378172359,2773,2026-08-07
NCMI,"National CineMedia, Inc.",NASDAQ,377934565,2774,2026-08-07
PESI,"Perma-Fix Environmental Services, Inc.",NASDAQ,377423226,2775,2026-08-07
WSBF,"Waterstone Financial, Inc.",NASDAQ,376948352,2776,2026-08-07
BRCB,"Black Rock Coffee Bar, Inc.",NASDAQ,375919111,2777,2026-08-07
RBBN,Ribbon Communications Inc.,NASDAQ,375529039,2778,2026-08-07
RNGR,"Ranger Energy Services, Inc.",N,375368449,2779,2026-08-07
UPB,"Upstream Bio, Inc.",NASDAQ,373865304,2780,2026-08-07
SHIP,Seanergy Maritime Holdings Corp.,NASDAQ,373559734,2781,2026-08-07
PRLD,Prelude Therapeutics Incorporated,NASDAQ,372740037,2782,2026-08-07
CARL,"Carlsmed, Inc.",NASDAQ,372433582,2783,2026-08-07
RCKY,"Rocky Brands, Inc.",NASDAQ,372422896,2784,2026-08-07
ALLT,Allot Ltd.,NASDAQ,372304783,2785,2026-08-07
BMBL,Bumble Inc.,NASDAQ,371076673,2786,2026-08-07
SLP,"Simulations Plus, Inc.",NASDAQ,370923529,2787,2026-08-07
MGPI,"MGP Ingredients, Inc.",NASDAQ,370891796,2788,2026-08-07
NWFL,Norwood Financial Corp.,NASDAQ,370392673,2789,2026-08-07
CIX,CompX International Inc.,A,370099710,2790,2026-08-07
OPRT,Oportun Financial Corporation,NASDAQ,369515664,2791,2026-08-07
CLW,Clearwater Paper Corporation,N,368680685,2792,2026-08-07
ISSC,"Innovative Solutions and Support, Inc.",NASDAQ,366980241,2793,2026-08-07
MRAM,"Everspin Technologies, Inc.",NASDAQ,366954580,2794,2026-08-07
IMXI,"International Money Express, Inc.",NASDAQ,366851857,2795,2026-08-07
HBB,Hamilton Beach Brands Holding Company,N,365734710,2796,2026-08-07
HLLY,Holley Inc.,N,365605430,2797,2026-08-07
DMAC,DiaMedica Therapeutics Inc.,NASDAQ,364790246,2798,2026-08-07
GTE,Gran Tierra Energy Inc.,A,363648000,2799,2026-08-07
STRT,STRATTEC SECURITY CORPORATION,NASDAQ,362803329,2800,2026-08-07
PALI,"Palisade Bio, Inc.",NASDAQ,362781510,2801,2026-08-07
CION,CION Investment Corporation,N,362465449,2802,2026-08-07
CLFD,"Clearfield, Inc.",NASDAQ,362295004,2803,2026-08-07
PACB,"Pacific Biosciences of California, Inc.",NASDAQ,361850967,2804,2026-08-07
LAND,Gladstone Land Corporation,NASDAQ,359759019,2805,2026-08-07
FTW,Presidio Production Company,N,358402479,2806,2026-08-07
CMPX,"Compass Therapeutics, Inc.",NASDAQ,358374951,2807,2026-08-07
TSBK,"Timberland Bancorp, Inc.",NASDAQ,357894011,2808,2026-08-07
RPAY,Repay Holdings Corporation,NASDAQ,357795581,2809,2026-08-07
NATR,"Nature's Sunshine Products, Inc.",NASDAQ,357676276,2810,2026-08-07
LXEO,"Lexeo Therapeutics, Inc.",NASDAQ,357273435,2811,2026-08-07
AVBH,"Avidbank Holdings, Inc.",NASDAQ,357138444,2812,2026-08-07
ZNTL,"Zentalis Pharmaceuticals, Inc.",NASDAQ,355931740,2813,2026-08-07
ARTNA,Artesian Resources Corporation - Class A Non-Voting,NASDAQ,355160667,2814,2026-08-07
LZM,Lifezone Metals Limited,N,354263355,2815,2026-08-07
PINE,"Alpine Income Property Trust, Inc.",N,351709412,2816,2026-08-07
TMCR,The Metals Royalty Company Inc.,NASDAQ,351173166,2817,2026-08-07
PLAY,"Dave & Buster's Entertainment, Inc.",NASDAQ,351017922,2818,2026-08-07
GEVO,"Gevo, Inc.",NASDAQ,350512314,2819,2026-08-07
TKNO,"Alpha Teknova, Inc.",NASDAQ,350099603,2820,2026-08-07
ALTO,"Alto Ingredients, Inc.",NASDAQ,349845466,2821,2026-08-07
LYEL,"Lyell Immunopharma, Inc.",NASDAQ,348206927,2822,2026-08-07
ELMD,"Electromed, Inc.",A,348093891,2823,2026-08-07
TCI,"Transcontinental Realty Investors, Inc.",N,346782144,2824,2026-08-07
SEG,Seaport Entertainment Group Inc.,N,345779589,2825,2026-08-07
CUB,Lionheart Holdings,NASDAQ,345324421,2826,2026-08-07
VOXR,Vox Royalty Corp.,NASDAQ,345178781,2827,2026-08-07
CV,"CapsoVision, Inc.",NASDAQ,344748743,2828,2026-08-07
FOSL,"Fossil Group, Inc.",NASDAQ,343971300,2829,2026-08-07
GRRR,Gorilla Technology Group Inc.,NASDAQ,343637528,2830,2026-08-07
IPSC,"Century Therapeutics, Inc.",NASDAQ,342674137,2831,2026-08-07
TLS,Telos Corporation,NASDAQ,341923630,2832,2026-08-07
CURR,Currenc Group Inc.,NASDAQ,341336930,2833,2026-08-07
RR,Richtech Robotics Inc.,NASDAQ,339865879,2834,2026-08-07
VALU,"Value Line, Inc.",NASDAQ,339122328,2835,2026-08-07
CATX,"Perspective Therapeutics, Inc.",A,338717205,2836,2026-08-07
MCI,Barings Corporate Investors,N,338168090,2837,2026-08-07
NPWR,NET Power Inc.,N,337142522,2838,2026-08-07
FVCB,"FVCBankcorp, Inc.",NASDAQ,337079914,2839,2026-08-07
ADV,Advantage Solutions Inc.,NASDAQ,336902395,2840,2026-08-07
TWIN,"Twin Disc, Incorporated",NASDAQ,336773010,2841,2026-08-07
AIRS,"AirSculpt Technologies, Inc.",NASDAQ,336502898,2842,2026-08-07
DBI,Designer Brands Inc.,N,336144263,2843,2026-08-07
MLP,"Maui Land & Pineapple Company, Inc.",N,335711841,2844,2026-08-07
MOVE,"Corvex, Inc.",NASDAQ,335497944,2845,2026-08-07
AGEN,Agenus Inc.,NASDAQ,335194637,2846,2026-08-07
BCML,BayCom Corp,NASDAQ,334916032,2847,2026-08-07
MKTW,"MarketWise, Inc.",NASDAQ,333449322,2848,2026-08-07
COSO,"CoastalSouth Bancshares, Inc.",N,333023143,2849,2026-08-07
PTLO,Portillo's Inc.,NASDAQ,332028108,2850,2026-08-07
BRBS,"Blue Ridge Bankshares, Inc.",A,331774214,2851,2026-08-07
ZUMZ,Zumiez Inc.,NASDAQ,331539025,2852,2026-08-07
JACK,Jack In The Box Inc.,NASDAQ,331499446,2853,2026-08-07
XPER,Xperi Inc.,N,331142188,2854,2026-08-07
FVRR,Fiverr International Ltd.,N,330746698,2855,2026-08-07
MTRX,Matrix Service Company,NASDAQ,330010061,2856,2026-08-07
OSS,"One Stop Systems, Inc.",NASDAQ,329923306,2857,2026-08-07
JMSB,"John Marshall Bancorp, Inc.",NASDAQ,329520407,2858,2026-08-07
NREF,"NexPoint Real Estate Finance, Inc.",N,328704031,2859,2026-08-07
FHTX,Foghorn Therapeutics Inc.,NASDAQ,327036546,2860,2026-08-07
ABAT,American Battery Technology Company,NASDAQ,326030438,2861,2026-08-07
OABI,"OmniAb, Inc.",NASDAQ,324738577,2862,2026-08-07
GALT,Galectin Therapeutics Inc.,NASDAQ,324735854,2863,2026-08-07
NC,"NACCO Industries, Inc.",N,323416763,2864,2026-08-07
EGHT,8x8 Inc,NASDAQ,322554789,2865,2026-08-07
GASS,"StealthGas, Inc.",NASDAQ,322399898,2866,2026-08-07
LTBR,Lightbridge Corporation,NASDAQ,321595608,2867,2026-08-07
FSBW,"FS Bancorp, Inc.",NASDAQ,321226614,2868,2026-08-07
TRX,TRX Gold Corporation,A,319581885,2869,2026-08-07
RFMZ,"RiverNorth Flexible Municipal Income Fund II, Inc.",N,319008004,2870,2026-08-07
NODK,"NI Holdings, Inc.",NASDAQ,318486345,2871,2026-08-07
IKT,"Inhibikase Therapeutics, Inc.",NASDAQ,318198653,2872,2026-08-07
LDI,"loanDepot, Inc.",N,317993636,2873,2026-08-07
BKKT,"Bakkt, Inc.",N,317639782,2874,2026-08-07
PAMT,PAMT CORP,NASDAQ,315405149,2875,2026-08-07
CBNA,"Chain Bridge Bancorp, Inc.",N,315032834,2876,2026-08-07
BETR,Better Home & Finance Holding Company,NASDAQ,313993855,2877,2026-08-07
MASS,908 Devices Inc.,NASDAQ,313853054,2878,2026-08-07
LAB,Standard BioTools Inc.,NASDAQ,313209485,2879,2026-08-07
FDBC,"Fidelity D & D Bancorp, Inc.",NASDAQ,312899202,2880,2026-08-07
ALMU,"Aeluma, Inc.",NASDAQ,312838175,2881,2026-08-07
XPOF,"Xponential Fitness, Inc.",N,312753000,2882,2026-08-07
OFLX,"Omega Flex, Inc.",NASDAQ,312419266,2883,2026-08-07
SMTI,Sanara MedTech Inc.,NASDAQ,312399703,2884,2026-08-07
DSX,Diana Shipping inc.,N,312278390,2885,2026-08-07
TTGT,"TechTarget, Inc.",NASDAQ,311610599,2886,2026-08-07
ONIT,Onity Group Inc.,N,311398819,2887,2026-08-07
FWDI,"Forward Industries, Inc.",NASDAQ,310667548,2888,2026-08-07
TBI,"TrueBlue, Inc.",N,310532309,2889,2026-08-07
MYFW,"First Western Financial, Inc.",NASDAQ,309359287,2890,2026-08-07
NL,"NLI Holdings, Inc.",N,307835224,2891,2026-08-07
VNDA,Vanda Pharmaceuticals Inc.,NASDAQ,307593400,2892,2026-08-07
IRD,"Opus Genetics, Inc.",NASDAQ,307144906,2893,2026-08-07
HRZN,Horizon Technology Finance Corporation,NASDAQ,307015303,2894,2026-08-07
PRE,Prenetics Global Limited,NASDAQ,306182249,2895,2026-08-07
ESCA,"Escalade, Incorporated",NASDAQ,306157486,2896,2026-08-07
SBC,SBC Medical Group Holdings Incorporated,NASDAQ,305455421,2897,2026-08-07
RM,Regional Management Corp.,N,304912492,2898,2026-08-07
RELL,"Richardson Electronics, Ltd.",NASDAQ,304722305,2899,2026-08-07
MYGN,"Myriad Genetics, Inc.",NASDAQ,304165871,2900,2026-08-07
AVXL,Anavex Life Sciences Corp.,NASDAQ,303963366,2901,2026-08-07
NMRA,"Neumora Therapeutics, Inc.",NASDAQ,303866160,2902,2026-08-07
LEGO,Legato Merger Corp. IV,A,302464219,2903,2026-08-07
MSB,Mesabi Trust,N,302022630,2904,2026-08-07
TSSI,"TSS, Inc.",NASDAQ,301795027,2905,2026-08-07
GBFH,GBank Financial Holdings Inc.,NASDAQ,301706839,2906,2026-08-07
KINS,"Kingstone Companies, Inc",NASDAQ,301284693,2907,2026-08-07
ISBA,Isabella Bank Corporation,NASDAQ,300686366,2908,2026-08-07
TLSI,"TriSalus Life Sciences, Inc.",NASDAQ,299098525,2909,2026-08-07
NNBR,"NN, Inc.",NASDAQ,299086433,2910,2026-08-07
OPTX,"Syntec Optics Holdings, Inc.",NASDAQ,298071097,2911,2026-08-07
ASLE,AerSale Corporation,NASDAQ,297692823,2912,2026-08-07
VGZ,Vista Gold Corp,A,296321832,2913,2026-08-07
PNRG,PrimeEnergy Resources Corporation,NASDAQ,295673320,2914,2026-08-07
FNKO,"Funko, Inc.",NASDAQ,295314941,2915,2026-08-07
SABS,"SAB Biotherapeutics, Inc.",NASDAQ,294386762,2916,2026-08-07
ESOA,Energy Services of America Corporation,NASDAQ,292490468,2917,2026-08-07
INV,"Innventure, Inc.",NASDAQ,292475723,2918,2026-08-07
BKTI,BK Technologies Corporation,A,292084886,2919,2026-08-07
RILY,"BRC Group Holdings, Inc.",NASDAQ,291813493,2920,2026-08-07
SHMD,SCHMID Group N.V.,NASDAQ,291600223,2921,2026-08-07
JAKK,"JAKKS Pacific, Inc.",NASDAQ,291504456,2922,2026-08-07
RMMZ,"RiverNorth Managed Duration Municipal Income Fund II, Inc.",N,290381772,2923,2026-08-07
FATE,"Fate Therapeutics, Inc.",NASDAQ,290232373,2924,2026-08-07
AENT,Alliance Entertainment Holding Corporation,NASDAQ,290074095,2925,2026-08-07
IMRX,Immuneering Corporation,NASDAQ,288550413,2926,2026-08-07
PROF,Profound Medical Corp.,NASDAQ,288520838,2927,2026-08-07
CFFI,C&F Financial Corporation,NASDAQ,288466648,2928,2026-08-07
BPRN,"Princeton Bancorp, Inc.",NASDAQ,287702976,2929,2026-08-07
FULC,"Fulcrum Therapeutics, Inc.",NASDAQ,287640659,2930,2026-08-07
FXNC,First National Corporation,NASDAQ,287502751,2931,2026-08-07
TTRX,Turn Therapeutics Inc.,NASDAQ,286263064,2932,2026-08-07
LCNB,LCNB Corporation,NASDAQ,285062600,2933,2026-08-07
RMM,"RiverNorth Managed Duration Municipal Income Fund, Inc.",N,284645436,2934,2026-08-07
TMCI,"Treace Medical Concepts, Inc.",NASDAQ,284143635,2935,2026-08-07
ALCO,"Alico, Inc.",NASDAQ,284082406,2936,2026-08-07
EDIT,"Editas Medicine, Inc.",NASDAQ,283928218,2937,2026-08-07
ALXO,ALX Oncology Holdings Inc.,NASDAQ,283927755,2938,2026-08-07
AFRI,Forafric Global PLC,NASDAQ,283659334,2939,2026-08-07
WNEB,"Western New England Bancorp, Inc.",NASDAQ,283362858,2940,2026-08-07
FRAF,Franklin Financial Services Corporation,NASDAQ,283240737,2941,2026-08-07
PPHC,"Public Policy Holding Company, Inc.",NASDAQ,282766264,2942,2026-08-07
AIAI,AIAI Holdings Corporation,NASDAQ,282662240,2943,2026-08-07
CAMP,CAMP4 Therapeutics Corporation,NASDAQ,282247218,2944,2026-08-07
SUPX,SuperX AI Technology Limited,NASDAQ,281771808,2945,2026-08-07
LCTX,"Lineage Cell Therapeutics, Inc.",A,281707073,2946,2026-08-07
SVCO,"Silvaco Group, Inc.",NASDAQ,281448476,2947,2026-08-07
PMTS,CPI Card Group Inc.,NASDAQ,280578616,2948,2026-08-07
JILL,"J. Jill, Inc.",N,280189517,2949,2026-08-07
HCKT,"The Hackett Group, Inc.",NASDAQ,280100423,2950,2026-08-07
GLOO,"Gloo Holdings, Inc.",NASDAQ,279997340,2951,2026-08-07
ELLO,Ellomay Capital Ltd,A,279799569,2952,2026-08-07
OVLY,Oak Valley Bancorp (CA),NASDAQ,279747479,2953,2026-08-07
LAW,"CS Disco, Inc.",N,278343322,2954,2026-08-07
ATLO,Ames National Corporation,NASDAQ,278338139,2955,2026-08-07
PDYN,Palladyne AI Corp.,NASDAQ,278268485,2956,2026-08-07
BGS,"B&G Foods, Inc.",N,277591143,2957,2026-08-07
HWBK,"Hawthorn Bancshares, Inc.",NASDAQ,277380649,2958,2026-08-07
OSUR,"OraSure Technologies, Inc.",NASDAQ,275394212,2959,2026-08-07
CDZI,"Cadiz, Inc.",NASDAQ,274962155,2960,2026-08-07
USNA,"USANA Health Sciences, Inc.",N,274914234,2961,2026-08-07
EBS,Emergent BioSolutions Inc.,N,273976332,2962,2026-08-07
ADAG,"Adagene Inc. - ADS, each representing 1.25",NASDAQ,273453599,2963,2026-08-07
AVNW,"Aviat Networks, Inc.",NASDAQ,272375696,2964,2026-08-07
FRD,Friedman Industries Inc.,NASDAQ,272066477,2965,2026-08-07
BYND,"Beyond Meat, Inc.",NASDAQ,271843112,2966,2026-08-07
CNDT,Conduent Incorporated,NASDAQ,271419425,2967,2026-08-07
BRT,BRT Apartments Corp. (MD),N,271417854,2968,2026-08-07
TG,Tredegar Corporation,N,271380347,2969,2026-08-07
DVLT,Datavault AI Inc.,NASDAQ,270443147,2970,2026-08-07
SSP,E.W. Scripps Company (The),NASDAQ,270045431,2971,2026-08-07
ANIK,Anika Therapeutics Inc.,NASDAQ,269800595,2972,2026-08-07
MBI,MBIA Inc.,N,268931726,2973,2026-08-07
CEPL,"Capstone Energy Plus, Inc.",NASDAQ,268822928,2974,2026-08-07
PRQR,ProQR Therapeutics N.V.,NASDAQ,268130804,2975,2026-08-07
REI,"Ring Energy, Inc.",A,268043750,2976,2026-08-07
ELDN,"Eledon Pharmaceuticals, Inc.",NASDAQ,267069868,2977,2026-08-07
RMBI,"Richmond Mutual Bancorporation, Inc.",NASDAQ,266916979,2978,2026-08-07
TRDA,"Entrada Therapeutics, Inc.",NASDAQ,266697632,2979,2026-08-07
NKSH,"National Bankshares, Inc.",NASDAQ,265562697,2980,2026-08-07
SMRT,"SmartRent, Inc.",N,264188155,2981,2026-08-07
RDNW,"RideNow Group, Inc.",NASDAQ,263550412,2982,2026-08-07
VRXA,Veraxa Biotech AG,NASDAQ,263018532,2983,2026-08-07
KWY,Kingsway Corporation,N,262835709,2984,2026-08-07
ACRE,Ares Commercial Real Estate Corporation,N,261316042,2985,2026-08-07
MVST,"Microvast Holdings, Inc.",NASDAQ,260595706,2986,2026-08-07
VPV,Invesco Pennsylvania Value Municipal Income Trust,N,259980325,2987,2026-08-07
ORBS,Eightco Holdings Inc.,NASDAQ,259075308,2988,2026-08-07
KLTR,"Kaltura, Inc.",NASDAQ,258644556,2989,2026-08-07
FLWS,"1-800-FLOWERS.COM, Inc.",NASDAQ,258316886,2990,2026-08-07
MPAA,"Motorcar Parts of America, Inc.",NASDAQ,257491615,2991,2026-08-07
RNAC,"Cartesian Therapeutics, Inc.",NASDAQ,257382063,2992,2026-08-07
PCYO,Pure Cycle Corporation,NASDAQ,256877964,2993,2026-08-07
SMHI,SEACOR Marine Holdings Inc.,N,256405206,2994,2026-08-07
RC,Ready Capital Corporation,N,256128310,2995,2026-08-07
AKBA,"Akebia Therapeutics, Inc.",NASDAQ,256025667,2996,2026-08-07
DUOT,"Duos Technologies Group, Inc.",NASDAQ,255600673,2997,2026-08-07
FXHO,UTime Limited,NASDAQ,255580830,2998,2026-08-07
INBK,First Internet Bancorp,NASDAQ,255049530,2999,2026-08-07
MGNX,"MacroGenics, Inc.",NASDAQ,254888123,3000,2026-08-07
